author,year,journal,species,other_var_name,other_var_num_value,other_var_num_units,other_var_factor_value,date,season,plot,d18O_permil_plant,d2H_permil_plant,xylem,plant_tissue,item_source,OBS1,OBS2
Feikema,2010,Plant and soil,Eucalyptus grandis,Site,99999,not applicable,site 1,19951201,dry,site 1,-2.05762,-26.14182,yes,xylem,Fig 6.,NA,NA
Feikema,2010,Plant and soil,Eucalyptus grandis,Site,99999,not applicable,site 1,19951201,dry,site 1,-0.66222,-29.11079,yes,xylem,Fig 6.,NA,NA
Feikema,2010,Plant and soil,Eucalyptus grandis,Site,99999,not applicable,site 1,19951201,dry,site 1,-2.05714,-22.14286,yes,xylem,Fig 6.,NA,NA
Feikema,2010,Plant and soil,Eucalyptus grandis,Site,99999,not applicable,site 2,19960401,wet,site 2,-1.41667,-22.19737,yes,xylem,Fig 6.,NA,NA
Feikema,2010,Plant and soil,Eucalyptus grandis,Site,99999,not applicable,site 2,19960401,wet,site 2,0.125,-20.48684,yes,xylem,Fig 6.,NA,NA
Feikema,2010,Plant and soil,Eucalyptus grandis,Site,99999,not applicable,site 2,19960401,wet,site 2,-2.4433,-27.63158,yes,xylem,Fig 6.,NA,NA
Feikema,2010,Plant and soil,Eucalyptus camaldulensis,Site,99999,not applicable,site 3,19960901,wet,site 3,-3.04082,-27.85714,yes,xylem,Fig 6.,NA,NA
Feikema,2010,Plant and soil,Eucalyptus camaldulensis,Site,99999,not applicable,site 3,19960901,wet,site 3,1.46272,-18.06122,yes,xylem,Fig 6.,NA,NA
Feikema,2010,Plant and soil,Eucalyptus camaldulensis,Site,99999,not applicable,site 3,19960901,wet,site 3,-1.12,-28.26316,yes,xylem,Fig 6.,NA,NA
Goldsmith,2012,Ecohydrology,Several,Forest type,99999,Mature,not applicable,20100505,dry,NA,-5.03565,-42.39306,yes,xylem,Fig 5.,NA,NA
Goldsmith,2012,Ecohydrology,Several,Forest type,99999,Mature,not applicable,20100505,dry,NA,-4.75046,-41.48378,yes,xylem,Fig 5.,NA,NA
Goldsmith,2012,Ecohydrology,Several,Forest type,99999,Mature,not applicable,20100505,dry,NA,-4.62027,-37.59041,yes,xylem,Fig 5.,NA,NA
Goldsmith,2012,Ecohydrology,Several,Forest type,99999,Mature,not applicable,20100505,dry,NA,-4.82641,-33.75491,yes,xylem,Fig 5.,NA,NA
Goldsmith,2012,Ecohydrology,Several,Forest type,99999,Mature,not applicable,20100505,dry,NA,-4.54278,-32.41579,yes,xylem,Fig 5.,NA,NA
Goldsmith,2012,Ecohydrology,Several,Forest type,99999,Mature,not applicable,20100505,dry,NA,-4.73652,-32.01901,yes,xylem,Fig 5.,NA,NA
Goldsmith,2012,Ecohydrology,Several,Forest type,99999,Mature,not applicable,20100505,dry,NA,-4.9318,-31.1924,yes,xylem,Fig 5.,NA,NA
Goldsmith,2012,Ecohydrology,Several,Forest type,99999,Mature,not applicable,20100505,dry,NA,-4.1646,-30.6303,yes,xylem,Fig 5.,NA,NA
Goldsmith,2012,Ecohydrology,Several,Forest type,99999,Mature,not applicable,20100505,dry,NA,-4.208,-31.92808,yes,xylem,Fig 5.,NA,NA
Goldsmith,2012,Ecohydrology,Several,Forest type,99999,Mature,not applicable,20100505,dry,NA,-3.86547,-33.58958,yes,xylem,Fig 5.,NA,NA
Goldsmith,2012,Ecohydrology,Several,Forest type,99999,Mature,not applicable,20100505,dry,NA,-3.81122,-35.30068,yes,xylem,Fig 5.,NA,NA
Goldsmith,2012,Ecohydrology,Several,Forest type,99999,Mature,not applicable,20100505,dry,NA,-3.57564,-33.96983,yes,xylem,Fig 5.,NA,NA
Goldsmith,2012,Ecohydrology,Several,Forest type,99999,Mature,not applicable,20100505,dry,NA,-3.92436,-30.58896,yes,xylem,Fig 5.,NA,NA
Goldsmith,2012,Ecohydrology,Several,Forest type,99999,Mature,not applicable,20100505,dry,NA,-3.78487,-29.27464,yes,xylem,Fig 5.,NA,NA
Goldsmith,2012,Ecohydrology,Several,Forest type,99999,Mature,not applicable,20100505,dry,NA,-3.60043,-27.09237,yes,xylem,Fig 5.,NA,NA
Goldsmith,2012,Ecohydrology,Several,Forest type,99999,Mature,not applicable,20100505,dry,NA,-3.84842,-24.9845,yes,xylem,Fig 5.,NA,NA
Goldsmith,2012,Ecohydrology,Several,Forest type,99999,Mature,not applicable,20100505,dry,NA,-4.12895,-27.1833,yes,xylem,Fig 5.,NA,NA
Goldsmith,2012,Ecohydrology,Several,Forest type,99999,Mature,not applicable,20100505,dry,NA,-4.2328,-25.05063,yes,xylem,Fig 5.,NA,NA
Goldsmith,2012,Ecohydrology,Several,Forest type,99999,Mature,not applicable,20100505,dry,NA,-4.04681,-23.2982,yes,xylem,Fig 5.,NA,NA
Goldsmith,2012,Ecohydrology,Several,Forest type,99999,Mature,not applicable,20100505,dry,NA,-3.51364,-24.4968,yes,xylem,Fig 5.,NA,NA
Goldsmith,2012,Ecohydrology,Several,Forest type,99999,Mature,not applicable,20100505,dry,NA,-3.40825,-27.05931,yes,xylem,Fig 5.,NA,NA
Goldsmith,2012,Ecohydrology,Several,Forest type,99999,Mature,not applicable,20100505,dry,NA,-3.62213,-21.0746,yes,xylem,Fig 5.,NA,NA
Goldsmith,2012,Ecohydrology,Several,Forest type,99999,Mature,not applicable,20100505,dry,NA,-3.67638,-19.3635,yes,xylem,Fig 5.,NA,NA
Goldsmith,2012,Ecohydrology,Several,Forest type,99999,Mature,not applicable,20100505,dry,NA,-3.2517,-17.1399,yes,xylem,Fig 5.,NA,NA
Goldsmith,2012,Ecohydrology,Several,Forest type,99999,Mature,not applicable,20100505,dry,NA,-2.90298,-20.52077,yes,xylem,Fig 5.,NA,NA
Goldsmith,2012,Ecohydrology,Several,Forest type,99999,Mature,not applicable,20100505,dry,NA,-2.5217,-19.59496,yes,xylem,Fig 5.,NA,NA
Goldsmith,2012,Ecohydrology,Several,Forest type,99999,Secondary,not applicable,20090301,dry,NA,-5.74257,-52.84211,yes,xylem,Fig 5.,NA,NA
Goldsmith,2012,Ecohydrology,Several,Forest type,99999,Secondary,not applicable,20090301,dry,NA,-5.24752,-48.63158,yes,xylem,Fig 5.,NA,NA
Goldsmith,2012,Ecohydrology,Several,Forest type,99999,Secondary,not applicable,20090301,dry,NA,-5.19802,-42.31579,yes,xylem,Fig 5.,NA,NA
Goldsmith,2012,Ecohydrology,Several,Forest type,99999,Secondary,not applicable,20090301,dry,NA,-5.14851,-41.47368,yes,xylem,Fig 5.,NA,NA
Goldsmith,2012,Ecohydrology,Several,Forest type,99999,Secondary,not applicable,20090301,dry,NA,-5.24752,-44,yes,xylem,Fig 5.,NA,NA
Goldsmith,2012,Ecohydrology,Several,Forest type,99999,Secondary,not applicable,20090301,dry,NA,-4.25743,-44,yes,xylem,Fig 5.,NA,NA
Goldsmith,2012,Ecohydrology,Several,Forest type,99999,Secondary,not applicable,20090301,dry,NA,-3.9604,-46.10526,yes,xylem,Fig 5.,NA,NA
Goldsmith,2012,Ecohydrology,Several,Forest type,99999,Secondary,not applicable,20090301,dry,NA,-3.81188,-44.42105,yes,xylem,Fig 5.,NA,NA
Goldsmith,2012,Ecohydrology,Several,Forest type,99999,Secondary,not applicable,20090301,dry,NA,-4.55446,-41.47368,yes,xylem,Fig 5.,NA,NA
Goldsmith,2012,Ecohydrology,Several,Forest type,99999,Secondary,not applicable,20090301,dry,NA,-4.55446,-40.63158,yes,xylem,Fig 5.,NA,NA
Goldsmith,2012,Ecohydrology,Several,Forest type,99999,Secondary,not applicable,20090301,dry,NA,-4.55446,-36,yes,xylem,Fig 5.,NA,NA
Goldsmith,2012,Ecohydrology,Several,Forest type,99999,Secondary,not applicable,20090301,dry,NA,-4.35644,-38.10526,yes,xylem,Fig 5.,NA,NA
Goldsmith,2012,Ecohydrology,Several,Forest type,99999,Secondary,not applicable,20090301,dry,NA,-4.15842,-38.10526,yes,xylem,Fig 5.,NA,NA
Goldsmith,2012,Ecohydrology,Several,Forest type,99999,Secondary,not applicable,20090301,dry,NA,-4.30693,-31.36842,yes,xylem,Fig 5.,NA,NA
Goldsmith,2012,Ecohydrology,Several,Forest type,99999,Secondary,not applicable,20090301,dry,NA,-4.40594,-30.94737,yes,xylem,Fig 5.,NA,NA
Goldsmith,2012,Ecohydrology,Several,Forest type,99999,Secondary,not applicable,20090301,dry,NA,-4.10891,-31.36842,yes,xylem,Fig 5.,NA,NA
Goldsmith,2012,Ecohydrology,Several,Forest type,99999,Secondary,not applicable,20090301,dry,NA,-3.51485,-26.73684,yes,xylem,Fig 5.,NA,NA
Goldsmith,2012,Ecohydrology,Several,Forest type,99999,Secondary,not applicable,20090301,dry,NA,-3.36634,-26.73684,yes,xylem,Fig 5.,NA,NA
Goldsmith,2012,Ecohydrology,Several,Forest type,99999,Secondary,not applicable,20090301,dry,NA,-3.11881,-22.52632,yes,xylem,Fig 5.,NA,NA
Goldsmith,2012,Ecohydrology,Several,Forest type,99999,Secondary,not applicable,20090301,dry,NA,-3.11881,-21.26316,yes,xylem,Fig 5.,NA,NA
Goldsmith,2012,Ecohydrology,Several,Forest type,99999,Secondary,not applicable,20090301,dry,NA,-2.87129,-20.84211,yes,xylem,Fig 5.,NA,NA
Goldsmith,2012,Ecohydrology,Several,Forest type,99999,Secondary,not applicable,20090301,dry,NA,-1.58416,-14.94737,yes,xylem,Fig 5.,NA,NA
Wang_Jian,2019,Science of the Total Environment,Sophora viciifolia,NA,99999,not applicable,NA,2016,wet,NA,-5.98246,-59.21053,yes,xylem,Fig 4.,NA,NA
Wang_Jian,2019,Science of the Total Environment,Sophora viciifolia,NA,99999,not applicable,NA,2016,wet,NA,-5.98246,-61.6391,yes,xylem,Fig 4.,NA,NA
Wang_Jian,2019,Science of the Total Environment,Sophora viciifolia,NA,99999,not applicable,NA,2016,wet,NA,-6.33333,-61.61404,yes,xylem,Fig 4.,NA,NA
Wang_Jian,2019,Science of the Total Environment,Sophora viciifolia,NA,99999,not applicable,NA,2016,wet,NA,-6.66667,-61.44737,yes,xylem,Fig 4.,NA,NA
Wang_Jian,2019,Science of the Total Environment,Sophora viciifolia,NA,99999,not applicable,NA,2016,wet,NA,-7.2807,-61.40351,yes,xylem,Fig 4.,NA,NA
Wang_Jian,2019,Science of the Total Environment,Sophora viciifolia,NA,99999,not applicable,NA,2016,wet,NA,-7.05263,-58.99123,yes,xylem,Fig 4.,NA,NA
Wang_Jian,2019,Science of the Total Environment,Sophora viciifolia,NA,99999,not applicable,NA,2016,wet,NA,-6.85965,-63.57644,yes,xylem,Fig 4.,NA,NA
Wang_Jian,2019,Science of the Total Environment,Sophora viciifolia,NA,99999,not applicable,NA,2016,wet,NA,-6.73684,-64.15664,yes,xylem,Fig 4.,NA,NA
Wang_Jian,2019,Science of the Total Environment,Sophora viciifolia,NA,99999,not applicable,NA,2016,wet,NA,-6.49123,-65.60276,yes,xylem,Fig 4.,NA,NA
Wang_Jian,2019,Science of the Total Environment,Sophora viciifolia,NA,99999,not applicable,NA,2016,wet,NA,-7.21053,-66.97995,yes,xylem,Fig 4.,NA,NA
Wang_Jian,2019,Science of the Total Environment,Sophora viciifolia,NA,99999,not applicable,NA,2016,wet,NA,-7.70175,-71.08772,yes,xylem,Fig 4.,NA,NA
Wang_Jian,2019,Science of the Total Environment,Sophora viciifolia,NA,99999,not applicable,NA,2016,wet,NA,-7.73684,-70.94236,yes,xylem,Fig 4.,NA,NA
Wang_Jian,2019,Science of the Total Environment,Sophora viciifolia,NA,99999,not applicable,NA,2016,wet,NA,-8.70175,-69.58772,yes,xylem,Fig 4.,NA,NA
Wang_Jian,2019,Science of the Total Environment,Sophora viciifolia,NA,99999,not applicable,NA,2016,wet,NA,-6.40351,-61.60902,yes,xylem,Fig 4.,NA,NA
Barbeta,2019,Hydrology and Earth System Sciences,Fagus sylvatica,Tree size (diameter),69.32790763,m,Big,201704,wet,NA,-5.097637155,-42.15095987,yes,xylem,Data provided by author,Branch sampling selected. Plot ID in OBS2,Plage
Barbeta,2019,Hydrology and Earth System Sciences,Fagus sylvatica,Tree size (diameter),4.710987296,m,Small,201708,dry,NA,-3.749296185,-41.519562,yes,xylem,Data provided by author,Branch sampling selected. Plot ID in OBS2,Plage
Barbeta,2019,Hydrology and Earth System Sciences,Fagus sylvatica,Tree size (diameter),4.806480281,m,Small,201708,dry,NA,-4.238963713,-41.45221605,yes,xylem,Data provided by author,Branch sampling selected. Plot ID in OBS2,South
Barbeta,2019,Hydrology and Earth System Sciences,Fagus sylvatica,Tree size (diameter),5.443100186,m,Small,201708,dry,NA,-5.291387141,-48.69587294,yes,xylem,Data provided by author,Branch sampling selected. Plot ID in OBS2,South
Barbeta,2019,Hydrology and Earth System Sciences,Fagus sylvatica,Tree size (diameter),9.040002648,m,Small,201708,dry,NA,-5.794256922,-50.66866676,yes,xylem,Data provided by author,Branch sampling selected. Plot ID in OBS2,South
Barbeta,2019,Hydrology and Earth System Sciences,Fagus sylvatica,Tree size (diameter),9.167326629,m,Small,201708,dry,NA,-5.679420278,-50.19389029,yes,xylem,Data provided by author,Branch sampling selected. Plot ID in OBS2,Plage
Barbeta,2019,Hydrology and Earth System Sciences,Fagus sylvatica,Tree size (diameter),18.43014624,m,Small,201708,dry,NA,-4.924954139,-45.12032453,yes,xylem,Data provided by author,Branch sampling selected. Plot ID in OBS2,Plage
Barbeta,2019,Hydrology and Earth System Sciences,Fagus sylvatica,Tree size (diameter),30.0802905,m,Big,201708,dry,NA,-4.219646077,-41.32390322,yes,xylem,Data provided by author,Branch sampling selected. Plot ID in OBS2,South
Barbeta,2019,Hydrology and Earth System Sciences,Fagus sylvatica,Tree size (diameter),32.27662917,m,Big,201708,dry,NA,-3.639547469,-31.01345511,yes,xylem,Data provided by author,Branch sampling selected. Plot ID in OBS2,South
Barbeta,2019,Hydrology and Earth System Sciences,Fagus sylvatica,Tree size (diameter),34.7912778,m,Big,201708,dry,NA,-5.295622205,-46.2195016,yes,xylem,Data provided by author,Branch sampling selected. Plot ID in OBS2,South
Barbeta,2019,Hydrology and Earth System Sciences,Fagus sylvatica,Tree size (diameter),42.23973068,m,Big,201708,dry,NA,-4.23322133,-41.36697281,yes,xylem,Data provided by author,Branch sampling selected. Plot ID in OBS2,Open
Barbeta,2019,Hydrology and Earth System Sciences,Fagus sylvatica,Tree size (diameter),45.35916822,m,Big,201708,dry,NA,-4.796162973,-46.04437385,yes,xylem,Data provided by author,Branch sampling selected. Plot ID in OBS2,Open
Barbeta,2019,Hydrology and Earth System Sciences,Fagus sylvatica,Tree size (diameter),49.14705665,m,Big,201708,dry,NA,-6.160661719,-53.7083592,yes,xylem,Data provided by author,Branch sampling selected. Plot ID in OBS2,Open
Barbeta,2019,Hydrology and Earth System Sciences,Fagus sylvatica,Tree size (diameter),55.00395978,m,Big,201708,dry,NA,-3.917784266,-40.18238318,yes,xylem,Data provided by author,Branch sampling selected. Plot ID in OBS2,South
Barbeta,2019,Hydrology and Earth System Sciences,Fagus sylvatica,Tree size (diameter),64.04396242,m,Big,201708,dry,NA,-4.54320343,-46.70708807,yes,xylem,Data provided by author,Branch sampling selected. Plot ID in OBS2,Open
Barbeta,2019,Hydrology and Earth System Sciences,Fagus sylvatica,Tree size (diameter),69.32790763,m,Big,201708,dry,NA,-4.67314827,-45.88113029,yes,xylem,Data provided by author,Branch sampling selected. Plot ID in OBS2,Plage
Barbeta,2019,Hydrology and Earth System Sciences,Fagus sylvatica,Tree size (diameter),74.13438792,m,Big,201708,dry,NA,-5.921732878,-51.83474238,yes,xylem,Data provided by author,Branch sampling selected. Plot ID in OBS2,Plage
Barbeta,2019,Hydrology and Earth System Sciences,Fagus sylvatica,Tree size (diameter),4.710987296,m,Small,201708,dry,NA,-4.952401793,-51.18767103,yes,xylem,Data provided by author,Branch sampling selected. Plot ID in OBS2,Plage
Barbeta,2019,Hydrology and Earth System Sciences,Fagus sylvatica,Tree size (diameter),4.806480281,m,Small,201708,dry,NA,-4.083975235,-39.89309168,yes,xylem,Data provided by author,Branch sampling selected. Plot ID in OBS2,South
Barbeta,2019,Hydrology and Earth System Sciences,Fagus sylvatica,Tree size (diameter),5.443100186,m,Small,201708,dry,NA,-4.606024952,-43.25277669,yes,xylem,Data provided by author,Branch sampling selected. Plot ID in OBS2,South
Barbeta,2019,Hydrology and Earth System Sciences,Fagus sylvatica,Tree size (diameter),9.040002648,m,Small,201708,dry,NA,-4.452923167,-43.97461948,yes,xylem,Data provided by author,Branch sampling selected. Plot ID in OBS2,South
Barbeta,2019,Hydrology and Earth System Sciences,Fagus sylvatica,Tree size (diameter),9.167326629,m,Small,201708,dry,NA,-4.892205736,-47.11047551,yes,xylem,Data provided by author,Branch sampling selected. Plot ID in OBS2,Plage
Barbeta,2019,Hydrology and Earth System Sciences,Fagus sylvatica,Tree size (diameter),18.43014624,m,Small,201708,dry,NA,-4.208552879,-41.55894396,yes,xylem,Data provided by author,Branch sampling selected. Plot ID in OBS2,Plage
Barbeta,2019,Hydrology and Earth System Sciences,Fagus sylvatica,Tree size (diameter),30.0802905,m,Big,201708,dry,NA,-5.445047369,-47.83648377,yes,xylem,Data provided by author,Branch sampling selected. Plot ID in OBS2,South
Barbeta,2019,Hydrology and Earth System Sciences,Fagus sylvatica,Tree size (diameter),32.27662917,m,Big,201708,dry,NA,-4.994726137,-45.92213825,yes,xylem,Data provided by author,Branch sampling selected. Plot ID in OBS2,South
Barbeta,2019,Hydrology and Earth System Sciences,Fagus sylvatica,Tree size (diameter),34.7912778,m,Big,201708,dry,NA,-4.944926019,-45.47533097,yes,xylem,Data provided by author,Branch sampling selected. Plot ID in OBS2,South
Barbeta,2019,Hydrology and Earth System Sciences,Fagus sylvatica,Tree size (diameter),42.23973068,m,Big,201708,dry,NA,-3.894619033,-39.60902826,yes,xylem,Data provided by author,Branch sampling selected. Plot ID in OBS2,Open
Barbeta,2019,Hydrology and Earth System Sciences,Fagus sylvatica,Tree size (diameter),43.25832253,m,Big,201708,dry,NA,-4.811514032,-46.78855594,yes,xylem,Data provided by author,Branch sampling selected. Plot ID in OBS2,Open
Barbeta,2019,Hydrology and Earth System Sciences,Fagus sylvatica,Tree size (diameter),43.25832253,m,Big,201708,dry,NA,-4.234975857,-40.44797732,yes,xylem,Data provided by author,Branch sampling selected. Plot ID in OBS2,Open
Barbeta,2019,Hydrology and Earth System Sciences,Fagus sylvatica,Tree size (diameter),45.35916822,m,Big,201708,dry,NA,-4.987454955,-44.25232165,yes,xylem,Data provided by author,Branch sampling selected. Plot ID in OBS2,Open
Barbeta,2019,Hydrology and Earth System Sciences,Fagus sylvatica,Tree size (diameter),49.14705665,m,Big,201708,dry,NA,-3.237893166,-36.2678838,yes,xylem,Data provided by author,Branch sampling selected. Plot ID in OBS2,Open
Barbeta,2019,Hydrology and Earth System Sciences,Fagus sylvatica,Tree size (diameter),55.00395978,m,Big,201708,dry,NA,-4.515170007,-42.94804122,yes,xylem,Data provided by author,Branch sampling selected. Plot ID in OBS2,South
Barbeta,2019,Hydrology and Earth System Sciences,Fagus sylvatica,Tree size (diameter),64.04396242,m,Big,201708,dry,NA,-5.336948182,-45.41590583,yes,xylem,Data provided by author,Branch sampling selected. Plot ID in OBS2,Open
Barbeta,2019,Hydrology and Earth System Sciences,Fagus sylvatica,Tree size (diameter),69.32790763,m,Big,201708,dry,NA,-5.585055004,-49.99056327,yes,xylem,Data provided by author,Branch sampling selected. Plot ID in OBS2,Plage
Barbeta,2019,Hydrology and Earth System Sciences,Fagus sylvatica,Tree size (diameter),74.13438792,m,Big,201708,dry,NA,-5.120018484,-48.84496334,yes,xylem,Data provided by author,Branch sampling selected. Plot ID in OBS2,Plage
Barbeta,2019,Hydrology and Earth System Sciences,Fagus sylvatica,Tree size (diameter),4.710987296,m,Small,201707,dry,NA,-5.205704906,-46.56000568,yes,xylem,Data provided by author,Branch sampling selected. Plot ID in OBS2,Plage
Barbeta,2019,Hydrology and Earth System Sciences,Fagus sylvatica,Tree size (diameter),4.806480281,m,Small,201707,dry,NA,-5.818322435,-46.74435095,yes,xylem,Data provided by author,Branch sampling selected. Plot ID in OBS2,South
Barbeta,2019,Hydrology and Earth System Sciences,Fagus sylvatica,Tree size (diameter),9.040002648,m,Small,201707,dry,NA,-4.041084521,-38.58408088,yes,xylem,Data provided by author,Branch sampling selected. Plot ID in OBS2,South
Barbeta,2019,Hydrology and Earth System Sciences,Fagus sylvatica,Tree size (diameter),9.167326629,m,Small,201707,dry,NA,-4.352138004,-43.13235031,yes,xylem,Data provided by author,Branch sampling selected. Plot ID in OBS2,Plage
Barbeta,2019,Hydrology and Earth System Sciences,Fagus sylvatica,Tree size (diameter),18.43014624,m,Small,201707,dry,NA,-5.397015732,-45.20632058,yes,xylem,Data provided by author,Branch sampling selected. Plot ID in OBS2,Plage
Barbeta,2019,Hydrology and Earth System Sciences,Fagus sylvatica,Tree size (diameter),26.61071202,m,Big,201707,dry,NA,-5.325306297,-46.21772529,yes,xylem,Data provided by author,Branch sampling selected. Plot ID in OBS2,South
Barbeta,2019,Hydrology and Earth System Sciences,Fagus sylvatica,Tree size (diameter),30.0802905,m,Big,201707,dry,NA,-4.565922698,-39.99531322,yes,xylem,Data provided by author,Branch sampling selected. Plot ID in OBS2,South
Barbeta,2019,Hydrology and Earth System Sciences,Fagus sylvatica,Tree size (diameter),32.27662917,m,Big,201707,dry,NA,-5.619975882,-45.99705659,yes,xylem,Data provided by author,Branch sampling selected. Plot ID in OBS2,South
Barbeta,2019,Hydrology and Earth System Sciences,Fagus sylvatica,Tree size (diameter),34.7912778,m,Big,201707,dry,NA,-5.447002546,-46.49399138,yes,xylem,Data provided by author,Branch sampling selected. Plot ID in OBS2,South
Barbeta,2019,Hydrology and Earth System Sciences,Fagus sylvatica,Tree size (diameter),42.23973068,m,Big,201707,dry,NA,-4.587822592,-43.2054562,yes,xylem,Data provided by author,Branch sampling selected. Plot ID in OBS2,Open
Barbeta,2019,Hydrology and Earth System Sciences,Fagus sylvatica,Tree size (diameter),43.25832253,m,Big,201707,dry,NA,-5.211831211,-47.89241714,yes,xylem,Data provided by author,Branch sampling selected. Plot ID in OBS2,Open
Barbeta,2019,Hydrology and Earth System Sciences,Fagus sylvatica,Tree size (diameter),45.35916822,m,Big,201707,dry,NA,-5.177812299,-46.14932144,yes,xylem,Data provided by author,Branch sampling selected. Plot ID in OBS2,Open
Barbeta,2019,Hydrology and Earth System Sciences,Fagus sylvatica,Tree size (diameter),49.14705665,m,Big,201707,dry,NA,-5.319581113,-45.35614724,yes,xylem,Data provided by author,Branch sampling selected. Plot ID in OBS2,Open
Barbeta,2019,Hydrology and Earth System Sciences,Fagus sylvatica,Tree size (diameter),55.00395978,m,Big,201707,dry,NA,-6.026583012,-49.61862911,yes,xylem,Data provided by author,Branch sampling selected. Plot ID in OBS2,South
Barbeta,2019,Hydrology and Earth System Sciences,Fagus sylvatica,Tree size (diameter),64.04396242,m,Big,201707,dry,NA,-5.222965182,-46.63772839,yes,xylem,Data provided by author,Branch sampling selected. Plot ID in OBS2,Open
Barbeta,2019,Hydrology and Earth System Sciences,Fagus sylvatica,Tree size (diameter),69.32790763,m,Big,201707,dry,NA,-5.526093148,-46.88482249,yes,xylem,Data provided by author,Branch sampling selected. Plot ID in OBS2,Plage
Barbeta,2019,Hydrology and Earth System Sciences,Fagus sylvatica,Tree size (diameter),4.710987296,m,Small,201707,dry,NA,-6.948400198,-56.43151492,yes,xylem,Data provided by author,Branch sampling selected. Plot ID in OBS2,Plage
Barbeta,2019,Hydrology and Earth System Sciences,Fagus sylvatica,Tree size (diameter),4.806480281,m,Small,201707,dry,NA,-6.207518324,-51.77156946,yes,xylem,Data provided by author,Branch sampling selected. Plot ID in OBS2,South
Barbeta,2019,Hydrology and Earth System Sciences,Fagus sylvatica,Tree size (diameter),5.443100186,m,Small,201707,dry,NA,-6.479909603,-51.97221855,yes,xylem,Data provided by author,Branch sampling selected. Plot ID in OBS2,South
Barbeta,2019,Hydrology and Earth System Sciences,Fagus sylvatica,Tree size (diameter),9.040002648,m,Small,201707,dry,NA,-5.217265594,-45.13993245,yes,xylem,Data provided by author,Branch sampling selected. Plot ID in OBS2,South
Barbeta,2019,Hydrology and Earth System Sciences,Fagus sylvatica,Tree size (diameter),9.167326629,m,Small,201707,dry,NA,-5.126663616,-40.9148174,yes,xylem,Data provided by author,Branch sampling selected. Plot ID in OBS2,Plage
Barbeta,2019,Hydrology and Earth System Sciences,Fagus sylvatica,Tree size (diameter),26.61071202,m,Big,201707,dry,NA,-6.365863996,-50.68360526,yes,xylem,Data provided by author,Branch sampling selected. Plot ID in OBS2,South
Barbeta,2019,Hydrology and Earth System Sciences,Fagus sylvatica,Tree size (diameter),30.0802905,m,Big,201707,dry,NA,-6.568525078,-49.53468151,yes,xylem,Data provided by author,Branch sampling selected. Plot ID in OBS2,South
Barbeta,2019,Hydrology and Earth System Sciences,Fagus sylvatica,Tree size (diameter),32.27662917,m,Big,201707,dry,NA,-6.326158226,-65.14151281,yes,xylem,Data provided by author,Branch sampling selected. Plot ID in OBS2,South
Barbeta,2019,Hydrology and Earth System Sciences,Fagus sylvatica,Tree size (diameter),34.7912778,m,Big,201707,dry,NA,-6.080322098,-50.57071457,yes,xylem,Data provided by author,Branch sampling selected. Plot ID in OBS2,South
Barbeta,2019,Hydrology and Earth System Sciences,Fagus sylvatica,Tree size (diameter),42.23973068,m,Big,201707,dry,NA,-5.88501596,-58.8240323,yes,xylem,Data provided by author,Branch sampling selected. Plot ID in OBS2,Open
Barbeta,2019,Hydrology and Earth System Sciences,Fagus sylvatica,Tree size (diameter),43.25832253,m,Big,201707,dry,NA,-5.996184812,-47.18129874,yes,xylem,Data provided by author,Branch sampling selected. Plot ID in OBS2,Open
Barbeta,2019,Hydrology and Earth System Sciences,Fagus sylvatica,Tree size (diameter),45.35916822,m,Big,201707,dry,NA,-5.019764084,-44.96361541,yes,xylem,Data provided by author,Branch sampling selected. Plot ID in OBS2,Open
Barbeta,2019,Hydrology and Earth System Sciences,Fagus sylvatica,Tree size (diameter),49.14705665,m,Big,201707,dry,NA,-5.927308527,-42.79816981,yes,xylem,Data provided by author,Branch sampling selected. Plot ID in OBS2,Open
Barbeta,2019,Hydrology and Earth System Sciences,Fagus sylvatica,Tree size (diameter),55.00395978,m,Big,201707,dry,NA,-5.897875425,-49.261912,yes,xylem,Data provided by author,Branch sampling selected. Plot ID in OBS2,South
Barbeta,2019,Hydrology and Earth System Sciences,Fagus sylvatica,Tree size (diameter),64.04396242,m,Big,201707,dry,NA,-5.688981224,-45.42453566,yes,xylem,Data provided by author,Branch sampling selected. Plot ID in OBS2,Open
Barbeta,2019,Hydrology and Earth System Sciences,Fagus sylvatica,Tree size (diameter),74.13438792,m,Big,201707,dry,NA,-5.700702984,-49.23738498,yes,xylem,Data provided by author,Branch sampling selected. Plot ID in OBS2,Plage
Barbeta,2019,Hydrology and Earth System Sciences,Fagus sylvatica,Tree size (diameter),4.710987296,m,Small,201706,dry,NA,-5.302399546,-52.29044517,yes,xylem,Data provided by author,Branch sampling selected. Plot ID in OBS2,Plage
Barbeta,2019,Hydrology and Earth System Sciences,Fagus sylvatica,Tree size (diameter),4.806480281,m,Small,201706,dry,NA,-5.792134948,-44.39260282,yes,xylem,Data provided by author,Branch sampling selected. Plot ID in OBS2,South
Barbeta,2019,Hydrology and Earth System Sciences,Fagus sylvatica,Tree size (diameter),5.443100186,m,Small,201706,dry,NA,-5.582258017,-44.28407863,yes,xylem,Data provided by author,Branch sampling selected. Plot ID in OBS2,South
Barbeta,2019,Hydrology and Earth System Sciences,Fagus sylvatica,Tree size (diameter),9.040002648,m,Small,201706,dry,NA,-4.613516259,-38.99149583,yes,xylem,Data provided by author,Branch sampling selected. Plot ID in OBS2,South
Barbeta,2019,Hydrology and Earth System Sciences,Fagus sylvatica,Tree size (diameter),18.43014624,m,Small,201706,dry,NA,-4.183279843,-39.04726946,yes,xylem,Data provided by author,Branch sampling selected. Plot ID in OBS2,Plage
Barbeta,2019,Hydrology and Earth System Sciences,Fagus sylvatica,Tree size (diameter),26.61071202,m,Big,201706,dry,NA,-3.199166931,-38.20498943,yes,xylem,Data provided by author,Branch sampling selected. Plot ID in OBS2,South
Barbeta,2019,Hydrology and Earth System Sciences,Fagus sylvatica,Tree size (diameter),30.0802905,m,Big,201706,dry,NA,-3.757828436,-38.3316279,yes,xylem,Data provided by author,Branch sampling selected. Plot ID in OBS2,South
Barbeta,2019,Hydrology and Earth System Sciences,Fagus sylvatica,Tree size (diameter),32.27662917,m,Big,201706,dry,NA,-4.904119409,-38.59836442,yes,xylem,Data provided by author,Branch sampling selected. Plot ID in OBS2,South
Barbeta,2019,Hydrology and Earth System Sciences,Fagus sylvatica,Tree size (diameter),34.7912778,m,Big,201706,dry,NA,-5.325645242,-46.10061555,yes,xylem,Data provided by author,Branch sampling selected. Plot ID in OBS2,South
Barbeta,2019,Hydrology and Earth System Sciences,Fagus sylvatica,Tree size (diameter),42.23973068,m,Big,201706,dry,NA,-4.155204514,-39.26500913,yes,xylem,Data provided by author,Branch sampling selected. Plot ID in OBS2,Open
Barbeta,2019,Hydrology and Earth System Sciences,Fagus sylvatica,Tree size (diameter),43.25832253,m,Big,201706,dry,NA,-4.429790068,-44.61511586,yes,xylem,Data provided by author,Branch sampling selected. Plot ID in OBS2,Open
Barbeta,2019,Hydrology and Earth System Sciences,Fagus sylvatica,Tree size (diameter),45.35916822,m,Big,201706,dry,NA,-5.67907513,-43.80626917,yes,xylem,Data provided by author,Branch sampling selected. Plot ID in OBS2,Open
Barbeta,2019,Hydrology and Earth System Sciences,Fagus sylvatica,Tree size (diameter),49.14705665,m,Big,201706,dry,NA,-4.476353798,-42.18399758,yes,xylem,Data provided by author,Branch sampling selected. Plot ID in OBS2,Open
Barbeta,2019,Hydrology and Earth System Sciences,Fagus sylvatica,Tree size (diameter),55.00395978,m,Big,201706,dry,NA,-4.530097564,-44.77652722,yes,xylem,Data provided by author,Branch sampling selected. Plot ID in OBS2,South
Barbeta,2019,Hydrology and Earth System Sciences,Fagus sylvatica,Tree size (diameter),64.04396242,m,Big,201706,dry,NA,-4.975157952,-44.53709023,yes,xylem,Data provided by author,Branch sampling selected. Plot ID in OBS2,Open
Barbeta,2019,Hydrology and Earth System Sciences,Fagus sylvatica,Tree size (diameter),69.32790763,m,Big,201706,dry,NA,-5.823845197,-42.46462978,yes,xylem,Data provided by author,Branch sampling selected. Plot ID in OBS2,Plage
Barbeta,2019,Hydrology and Earth System Sciences,Fagus sylvatica,Tree size (diameter),74.13438792,m,Big,201706,dry,NA,-4.233540582,-43.87711299,yes,xylem,Data provided by author,Branch sampling selected. Plot ID in OBS2,Plage
Barbeta,2019,Hydrology and Earth System Sciences,Fagus sylvatica,Tree size (diameter),4.806480281,m,Small,201706,dry,NA,-4.328004836,-38.36539807,yes,xylem,Data provided by author,Branch sampling selected. Plot ID in OBS2,South
Barbeta,2019,Hydrology and Earth System Sciences,Fagus sylvatica,Tree size (diameter),5.443100186,m,Small,201706,dry,NA,-4.929139468,-38.12169156,yes,xylem,Data provided by author,Branch sampling selected. Plot ID in OBS2,South
Barbeta,2019,Hydrology and Earth System Sciences,Fagus sylvatica,Tree size (diameter),9.040002648,m,Small,201706,dry,NA,-3.920376358,-38.80118114,yes,xylem,Data provided by author,Branch sampling selected. Plot ID in OBS2,South
Barbeta,2019,Hydrology and Earth System Sciences,Fagus sylvatica,Tree size (diameter),9.167326629,m,Small,201706,dry,NA,-4.193805046,-38.28336875,yes,xylem,Data provided by author,Branch sampling selected. Plot ID in OBS2,Plage
Barbeta,2019,Hydrology and Earth System Sciences,Fagus sylvatica,Tree size (diameter),18.43014624,m,Small,201706,dry,NA,-4.174601837,-40.4904101,yes,xylem,Data provided by author,Branch sampling selected. Plot ID in OBS2,Plage
Barbeta,2019,Hydrology and Earth System Sciences,Fagus sylvatica,Tree size (diameter),26.61071202,m,Big,201706,dry,NA,-4.480283678,-38.91114892,yes,xylem,Data provided by author,Branch sampling selected. Plot ID in OBS2,South
Barbeta,2019,Hydrology and Earth System Sciences,Fagus sylvatica,Tree size (diameter),32.27662917,m,Big,201706,dry,NA,-4.522183933,-38.60479488,yes,xylem,Data provided by author,Branch sampling selected. Plot ID in OBS2,South
Barbeta,2019,Hydrology and Earth System Sciences,Fagus sylvatica,Tree size (diameter),34.7912778,m,Big,201706,dry,NA,-4.579840912,-40.8475028,yes,xylem,Data provided by author,Branch sampling selected. Plot ID in OBS2,South
Barbeta,2019,Hydrology and Earth System Sciences,Fagus sylvatica,Tree size (diameter),42.23973068,m,Big,201706,dry,NA,-5.010805969,-45.0117892,yes,xylem,Data provided by author,Branch sampling selected. Plot ID in OBS2,Open
Barbeta,2019,Hydrology and Earth System Sciences,Fagus sylvatica,Tree size (diameter),43.25832253,m,Big,201706,dry,NA,-3.637881353,-41.63947395,yes,xylem,Data provided by author,Branch sampling selected. Plot ID in OBS2,Open
Barbeta,2019,Hydrology and Earth System Sciences,Fagus sylvatica,Tree size (diameter),45.35916822,m,Big,201706,dry,NA,-5.061051687,-39.85452033,yes,xylem,Data provided by author,Branch sampling selected. Plot ID in OBS2,Open
Barbeta,2019,Hydrology and Earth System Sciences,Fagus sylvatica,Tree size (diameter),49.14705665,m,Big,201706,dry,NA,-4.547531505,-39.40890722,yes,xylem,Data provided by author,Branch sampling selected. Plot ID in OBS2,Open
Barbeta,2019,Hydrology and Earth System Sciences,Fagus sylvatica,Tree size (diameter),55.00395978,m,Big,201706,dry,NA,-4.853933345,-42.29899933,yes,xylem,Data provided by author,Branch sampling selected. Plot ID in OBS2,South
Barbeta,2019,Hydrology and Earth System Sciences,Fagus sylvatica,Tree size (diameter),64.04396242,m,Big,201706,dry,NA,-4.876742085,-43.37959309,yes,xylem,Data provided by author,Branch sampling selected. Plot ID in OBS2,Open
Barbeta,2019,Hydrology and Earth System Sciences,Fagus sylvatica,Tree size (diameter),69.32790763,m,Big,201706,dry,NA,-4.219714785,-36.18927149,yes,xylem,Data provided by author,Branch sampling selected. Plot ID in OBS2,Plage
Barbeta,2019,Hydrology and Earth System Sciences,Fagus sylvatica,Tree size (diameter),74.13438792,m,Big,201706,dry,NA,-4.257637358,-43.46945312,yes,xylem,Data provided by author,Branch sampling selected. Plot ID in OBS2,Plage
Barbeta,2019,Hydrology and Earth System Sciences,Fagus sylvatica,Tree size (diameter),9.040002648,m,Small,201705,wet,NA,-4.739357639,-40.65661265,yes,xylem,Data provided by author,Branch sampling selected. Plot ID in OBS2,South
Barbeta,2019,Hydrology and Earth System Sciences,Fagus sylvatica,Tree size (diameter),42.23973068,m,Big,201705,wet,NA,-5.08456645,-43.20810825,yes,xylem,Data provided by author,Branch sampling selected. Plot ID in OBS2,Open
Barbeta,2019,Hydrology and Earth System Sciences,Fagus sylvatica,Tree size (diameter),43.25832253,m,Big,201705,wet,NA,-5.41547893,-44.19369244,yes,xylem,Data provided by author,Branch sampling selected. Plot ID in OBS2,Open
Barbeta,2019,Hydrology and Earth System Sciences,Fagus sylvatica,Tree size (diameter),45.35916822,m,Big,201705,wet,NA,-4.337365631,-38.50578672,yes,xylem,Data provided by author,Branch sampling selected. Plot ID in OBS2,Open
Barbeta,2019,Hydrology and Earth System Sciences,Fagus sylvatica,Tree size (diameter),49.14705665,m,Big,201705,wet,NA,-4.339643898,-37.49647529,yes,xylem,Data provided by author,Branch sampling selected. Plot ID in OBS2,Open
Barbeta,2019,Hydrology and Earth System Sciences,Fagus sylvatica,Tree size (diameter),55.00395978,m,Big,201705,wet,NA,-5.441618199,-42.31895447,yes,xylem,Data provided by author,Branch sampling selected. Plot ID in OBS2,South
Barbeta,2019,Hydrology and Earth System Sciences,Fagus sylvatica,Tree size (diameter),64.04396242,m,Big,201705,wet,NA,-3.280337856,-37.87469719,yes,xylem,Data provided by author,Branch sampling selected. Plot ID in OBS2,Open
Barbeta,2019,Hydrology and Earth System Sciences,Fagus sylvatica,Tree size (diameter),69.32790763,m,Big,201705,wet,NA,-5.193060267,-42.25879709,yes,xylem,Data provided by author,Branch sampling selected. Plot ID in OBS2,Plage
Barbeta,2019,Hydrology and Earth System Sciences,Fagus sylvatica,Tree size (diameter),9.040002648,m,Small,201705,wet,NA,-3.85273974,-41.42824947,yes,xylem,Data provided by author,Branch sampling selected. Plot ID in OBS2,South
Barbeta,2019,Hydrology and Earth System Sciences,Fagus sylvatica,Tree size (diameter),18.43014624,m,Small,201705,wet,NA,-3.845667567,-42.72083111,yes,xylem,Data provided by author,Branch sampling selected. Plot ID in OBS2,Plage
Barbeta,2019,Hydrology and Earth System Sciences,Fagus sylvatica,Tree size (diameter),42.23973068,m,Big,201705,wet,NA,-4.62294094,-43.06152324,yes,xylem,Data provided by author,Branch sampling selected. Plot ID in OBS2,Open
Barbeta,2019,Hydrology and Earth System Sciences,Fagus sylvatica,Tree size (diameter),43.25832253,m,Big,201705,wet,NA,-5.851999044,-47.95840682,yes,xylem,Data provided by author,Branch sampling selected. Plot ID in OBS2,Open
Barbeta,2019,Hydrology and Earth System Sciences,Fagus sylvatica,Tree size (diameter),49.14705665,m,Big,201705,wet,NA,-4.160262731,-38.27824673,yes,xylem,Data provided by author,Branch sampling selected. Plot ID in OBS2,Open
Barbeta,2019,Hydrology and Earth System Sciences,Fagus sylvatica,Tree size (diameter),64.04396242,m,Big,201705,wet,NA,-4.197434255,-41.17972761,yes,xylem,Data provided by author,Branch sampling selected. Plot ID in OBS2,Open
Barbeta,2019,Hydrology and Earth System Sciences,Fagus sylvatica,Tree size (diameter),4.806480281,m,Small,201711,wet,NA,-5.59958564,-39.17330876,yes,xylem,Data provided by author,Branch sampling selected. Plot ID in OBS2,South
Barbeta,2019,Hydrology and Earth System Sciences,Fagus sylvatica,Tree size (diameter),9.040002648,m,Small,201711,wet,NA,-3.187974252,-27.8292588,yes,xylem,Data provided by author,Branch sampling selected. Plot ID in OBS2,South
Barbeta,2019,Hydrology and Earth System Sciences,Fagus sylvatica,Tree size (diameter),9.167326629,m,Small,201711,wet,NA,-3.852796792,-31.95984048,yes,xylem,Data provided by author,Branch sampling selected. Plot ID in OBS2,Plage
Barbeta,2019,Hydrology and Earth System Sciences,Fagus sylvatica,Tree size (diameter),18.43014624,m,Small,201711,wet,NA,-4.0813652,-29.80004397,yes,xylem,Data provided by author,Branch sampling selected. Plot ID in OBS2,Plage
Barbeta,2019,Hydrology and Earth System Sciences,Fagus sylvatica,Tree size (diameter),30.0802905,m,Big,201711,wet,NA,-4.520294193,-34.17189507,yes,xylem,Data provided by author,Branch sampling selected. Plot ID in OBS2,South
Barbeta,2019,Hydrology and Earth System Sciences,Fagus sylvatica,Tree size (diameter),32.27662917,m,Big,201711,wet,NA,-4.361183957,-33.06199511,yes,xylem,Data provided by author,Branch sampling selected. Plot ID in OBS2,South
Barbeta,2019,Hydrology and Earth System Sciences,Fagus sylvatica,Tree size (diameter),34.7912778,m,Big,201711,wet,NA,-4.560573499,-32.00097323,yes,xylem,Data provided by author,Branch sampling selected. Plot ID in OBS2,South
Barbeta,2019,Hydrology and Earth System Sciences,Fagus sylvatica,Tree size (diameter),42.23973068,m,Big,201711,wet,NA,-3.183634039,-24.9339494,yes,xylem,Data provided by author,Branch sampling selected. Plot ID in OBS2,Open
Barbeta,2019,Hydrology and Earth System Sciences,Fagus sylvatica,Tree size (diameter),43.25832253,m,Big,201711,wet,NA,-3.887422081,-33.74334501,yes,xylem,Data provided by author,Branch sampling selected. Plot ID in OBS2,Open
Barbeta,2019,Hydrology and Earth System Sciences,Fagus sylvatica,Tree size (diameter),45.35916822,m,Big,201711,wet,NA,-2.993722556,-22.64958773,yes,xylem,Data provided by author,Branch sampling selected. Plot ID in OBS2,Open
Barbeta,2019,Hydrology and Earth System Sciences,Fagus sylvatica,Tree size (diameter),49.14705665,m,Big,201711,wet,NA,-4.101910188,-28.63325314,yes,xylem,Data provided by author,Branch sampling selected. Plot ID in OBS2,Open
Barbeta,2019,Hydrology and Earth System Sciences,Fagus sylvatica,Tree size (diameter),55.00395978,m,Big,201711,wet,NA,-5.733834319,-41.43378603,yes,xylem,Data provided by author,Branch sampling selected. Plot ID in OBS2,South
Barbeta,2019,Hydrology and Earth System Sciences,Fagus sylvatica,Tree size (diameter),64.04396242,m,Big,201711,wet,NA,-4.122031792,-32.70453673,yes,xylem,Data provided by author,Branch sampling selected. Plot ID in OBS2,Open
Barbeta,2019,Hydrology and Earth System Sciences,Fagus sylvatica,Tree size (diameter),69.32790763,m,Big,201711,wet,NA,-4.512634542,-34.36045252,yes,xylem,Data provided by author,Branch sampling selected. Plot ID in OBS2,Plage
Barbeta,2019,Hydrology and Earth System Sciences,Fagus sylvatica,Tree size (diameter),74.13438792,m,Big,201711,wet,NA,-5.588049512,-42.84011017,yes,xylem,Data provided by author,Branch sampling selected. Plot ID in OBS2,Plage
Barbeta,2019,Hydrology and Earth System Sciences,Fagus sylvatica,Tree size (diameter),1.419662387,m,Small,201710,wet,NA,-5.985647243,-40.53122382,yes,xylem,Data provided by author,Branch sampling selected. Plot ID in OBS2,South
Barbeta,2019,Hydrology and Earth System Sciences,Fagus sylvatica,Tree size (diameter),4.710987296,m,Small,201710,wet,NA,-3.018109862,-34.71094105,yes,xylem,Data provided by author,Branch sampling selected. Plot ID in OBS2,Plage
Barbeta,2019,Hydrology and Earth System Sciences,Fagus sylvatica,Tree size (diameter),5.443100186,m,Small,201710,wet,NA,-3.819388001,-36.6346773,yes,xylem,Data provided by author,Branch sampling selected. Plot ID in OBS2,South
Barbeta,2019,Hydrology and Earth System Sciences,Fagus sylvatica,Tree size (diameter),18.43014624,m,Small,201710,wet,NA,-1.796406185,-24.59954973,yes,xylem,Data provided by author,Branch sampling selected. Plot ID in OBS2,Plage
Barbeta,2019,Hydrology and Earth System Sciences,Fagus sylvatica,Tree size (diameter),30.0802905,m,Big,201710,wet,NA,-2.784108158,-30.4008728,yes,xylem,Data provided by author,Branch sampling selected. Plot ID in OBS2,South
Barbeta,2019,Hydrology and Earth System Sciences,Fagus sylvatica,Tree size (diameter),32.27662917,m,Big,201710,wet,NA,-3.279877236,-34.35130981,yes,xylem,Data provided by author,Branch sampling selected. Plot ID in OBS2,South
Barbeta,2019,Hydrology and Earth System Sciences,Fagus sylvatica,Tree size (diameter),34.7912778,m,Big,201710,wet,NA,-6.082210706,-41.28289154,yes,xylem,Data provided by author,Branch sampling selected. Plot ID in OBS2,South
Barbeta,2019,Hydrology and Earth System Sciences,Fagus sylvatica,Tree size (diameter),42.23973068,m,Big,201710,wet,NA,-4.373591787,-38.67333369,yes,xylem,Data provided by author,Branch sampling selected. Plot ID in OBS2,Open
Barbeta,2019,Hydrology and Earth System Sciences,Fagus sylvatica,Tree size (diameter),43.25832253,m,Big,201710,wet,NA,-3.488432508,-37.26585915,yes,xylem,Data provided by author,Branch sampling selected. Plot ID in OBS2,Open
Barbeta,2019,Hydrology and Earth System Sciences,Fagus sylvatica,Tree size (diameter),45.35916822,m,Big,201710,wet,NA,-4.276183069,-37.74340349,yes,xylem,Data provided by author,Branch sampling selected. Plot ID in OBS2,Open
Barbeta,2019,Hydrology and Earth System Sciences,Fagus sylvatica,Tree size (diameter),49.14705665,m,Big,201710,wet,NA,-4.729217672,-40.77203149,yes,xylem,Data provided by author,Branch sampling selected. Plot ID in OBS2,Open
Barbeta,2019,Hydrology and Earth System Sciences,Fagus sylvatica,Tree size (diameter),55.00395978,m,Big,201710,wet,NA,-5.69424567,-43.36834907,yes,xylem,Data provided by author,Branch sampling selected. Plot ID in OBS2,South
Barbeta,2019,Hydrology and Earth System Sciences,Fagus sylvatica,Tree size (diameter),64.04396242,m,Big,201710,wet,NA,-4.322725397,-44.55469044,yes,xylem,Data provided by author,Branch sampling selected. Plot ID in OBS2,Open
Barbeta,2019,Hydrology and Earth System Sciences,Fagus sylvatica,Tree size (diameter),69.32790763,m,Big,201710,wet,NA,-4.457611064,-35.55227942,yes,xylem,Data provided by author,Branch sampling selected. Plot ID in OBS2,Plage
Barbeta,2019,Hydrology and Earth System Sciences,Fagus sylvatica,Tree size (diameter),74.13438792,m,Big,201710,wet,NA,-5.564962484,-43.13177577,yes,xylem,Data provided by author,Branch sampling selected. Plot ID in OBS2,Plage
Barbeta,2019,Hydrology and Earth System Sciences,Fagus sylvatica,Tree size (diameter),5.443100186,m,Small,201710,wet,NA,-4.197268834,-36.60699662,yes,xylem,Data provided by author,Branch sampling selected. Plot ID in OBS2,South
Barbeta,2019,Hydrology and Earth System Sciences,Fagus sylvatica,Tree size (diameter),9.167326629,m,Small,201710,wet,NA,-3.63253854,-37.34251034,yes,xylem,Data provided by author,Branch sampling selected. Plot ID in OBS2,Plage
Barbeta,2019,Hydrology and Earth System Sciences,Fagus sylvatica,Tree size (diameter),18.43014624,m,Small,201710,wet,NA,-5.625748212,-39.14872447,yes,xylem,Data provided by author,Branch sampling selected. Plot ID in OBS2,Plage
Barbeta,2019,Hydrology and Earth System Sciences,Fagus sylvatica,Tree size (diameter),30.0802905,m,Big,201710,wet,NA,-3.753371922,-32.6355281,yes,xylem,Data provided by author,Branch sampling selected. Plot ID in OBS2,South
Barbeta,2019,Hydrology and Earth System Sciences,Fagus sylvatica,Tree size (diameter),32.27662917,m,Big,201710,wet,NA,-2.800463993,-34.43986011,yes,xylem,Data provided by author,Branch sampling selected. Plot ID in OBS2,South
Barbeta,2019,Hydrology and Earth System Sciences,Fagus sylvatica,Tree size (diameter),34.7912778,m,Big,201710,wet,NA,-4.042710265,-33.83382092,yes,xylem,Data provided by author,Branch sampling selected. Plot ID in OBS2,South
Barbeta,2019,Hydrology and Earth System Sciences,Fagus sylvatica,Tree size (diameter),42.23973068,m,Big,201710,wet,NA,-2.77844589,-26.28758833,yes,xylem,Data provided by author,Branch sampling selected. Plot ID in OBS2,Open
Barbeta,2019,Hydrology and Earth System Sciences,Fagus sylvatica,Tree size (diameter),42.23973068,m,Big,201710,wet,NA,-2.77844589,-26.28758833,yes,xylem,Data provided by author,Branch sampling selected. Plot ID in OBS2,Open
Barbeta,2019,Hydrology and Earth System Sciences,Fagus sylvatica,Tree size (diameter),45.35916822,m,Big,201710,wet,NA,-3.624882007,-30.13221147,yes,xylem,Data provided by author,Branch sampling selected. Plot ID in OBS2,Open
Barbeta,2019,Hydrology and Earth System Sciences,Fagus sylvatica,Tree size (diameter),49.14705665,m,Big,201710,wet,NA,-4.472239816,-35.39616032,yes,xylem,Data provided by author,Branch sampling selected. Plot ID in OBS2,Open
Barbeta,2019,Hydrology and Earth System Sciences,Fagus sylvatica,Tree size (diameter),55.00395978,m,Big,201710,wet,NA,-4.810059618,-39.40086871,yes,xylem,Data provided by author,Branch sampling selected. Plot ID in OBS2,South
Barbeta,2019,Hydrology and Earth System Sciences,Fagus sylvatica,Tree size (diameter),69.32790763,m,Big,201710,wet,NA,-4.550110158,-36.60247611,yes,xylem,Data provided by author,Branch sampling selected. Plot ID in OBS2,Plage
Barbeta,2019,Hydrology and Earth System Sciences,Fagus sylvatica,Tree size (diameter),4.806480281,m,Small,201709,wet,NA,-5.371494377,-42.22780789,yes,xylem,Data provided by author,Branch sampling selected. Plot ID in OBS2,South
Barbeta,2019,Hydrology and Earth System Sciences,Fagus sylvatica,Tree size (diameter),9.040002648,m,Small,201709,wet,NA,-3.999331406,-36.33365856,yes,xylem,Data provided by author,Branch sampling selected. Plot ID in OBS2,South
Barbeta,2019,Hydrology and Earth System Sciences,Fagus sylvatica,Tree size (diameter),30.0802905,m,Big,201709,wet,NA,-4.337166807,-37.4057648,yes,xylem,Data provided by author,Branch sampling selected. Plot ID in OBS2,South
Barbeta,2019,Hydrology and Earth System Sciences,Fagus sylvatica,Tree size (diameter),32.27662917,m,Big,201709,wet,NA,-5.511866711,-46.52746655,yes,xylem,Data provided by author,Branch sampling selected. Plot ID in OBS2,South
Barbeta,2019,Hydrology and Earth System Sciences,Fagus sylvatica,Tree size (diameter),43.25832253,m,Big,201709,wet,NA,-5.71160367,-43.931529,yes,xylem,Data provided by author,Branch sampling selected. Plot ID in OBS2,Open
Barbeta,2019,Hydrology and Earth System Sciences,Fagus sylvatica,Tree size (diameter),45.35916822,m,Big,201709,wet,NA,-4.660017813,-43.27370224,yes,xylem,Data provided by author,Branch sampling selected. Plot ID in OBS2,Open
Barbeta,2019,Hydrology and Earth System Sciences,Fagus sylvatica,Tree size (diameter),49.14705665,m,Big,201709,wet,NA,-3.854916267,-36.74517559,yes,xylem,Data provided by author,Branch sampling selected. Plot ID in OBS2,Open
Barbeta,2019,Hydrology and Earth System Sciences,Fagus sylvatica,Tree size (diameter),4.710987296,m,Small,201709,wet,NA,-3.877289892,-40.94352508,yes,xylem,Data provided by author,Branch sampling selected. Plot ID in OBS2,Plage
Barbeta,2019,Hydrology and Earth System Sciences,Fagus sylvatica,Tree size (diameter),5.443100186,m,Small,201709,wet,NA,-7.274090332,-58.80194287,yes,xylem,Data provided by author,Branch sampling selected. Plot ID in OBS2,South
Barbeta,2019,Hydrology and Earth System Sciences,Fagus sylvatica,Tree size (diameter),18.43014624,m,Small,201709,wet,NA,-2.96312786,-31.88103308,yes,xylem,Data provided by author,Branch sampling selected. Plot ID in OBS2,Plage
Barbeta,2019,Hydrology and Earth System Sciences,Fagus sylvatica,Tree size (diameter),26.61071202,m,Big,201709,wet,NA,-4.559483897,-38.09276609,yes,xylem,Data provided by author,Branch sampling selected. Plot ID in OBS2,South
Barbeta,2019,Hydrology and Earth System Sciences,Fagus sylvatica,Tree size (diameter),30.0802905,m,Big,201709,wet,NA,-4.69053159,-38.2660933,yes,xylem,Data provided by author,Branch sampling selected. Plot ID in OBS2,South
Barbeta,2019,Hydrology and Earth System Sciences,Fagus sylvatica,Tree size (diameter),32.27662917,m,Big,201709,wet,NA,-4.482423366,-37.13699561,yes,xylem,Data provided by author,Branch sampling selected. Plot ID in OBS2,South
Barbeta,2019,Hydrology and Earth System Sciences,Fagus sylvatica,Tree size (diameter),34.7912778,m,Big,201709,wet,NA,-4.495029899,-39.50292725,yes,xylem,Data provided by author,Branch sampling selected. Plot ID in OBS2,South
Barbeta,2019,Hydrology and Earth System Sciences,Fagus sylvatica,Tree size (diameter),42.23973068,m,Big,201709,wet,NA,-6.740327276,-58.95058747,yes,xylem,Data provided by author,Branch sampling selected. Plot ID in OBS2,Open
Barbeta,2019,Hydrology and Earth System Sciences,Fagus sylvatica,Tree size (diameter),45.35916822,m,Big,201709,wet,NA,-7.141591491,-60.56842628,yes,xylem,Data provided by author,Branch sampling selected. Plot ID in OBS2,Open
Barbeta,2019,Hydrology and Earth System Sciences,Fagus sylvatica,Tree size (diameter),49.14705665,m,Big,201709,wet,NA,-6.219463026,-45.72820879,yes,xylem,Data provided by author,Branch sampling selected. Plot ID in OBS2,Open
Barbeta,2019,Hydrology and Earth System Sciences,Fagus sylvatica,Tree size (diameter),55.00395978,m,Big,201709,wet,NA,-6.539098262,-52.73487385,yes,xylem,Data provided by author,Branch sampling selected. Plot ID in OBS2,South
Barbeta,2019,Hydrology and Earth System Sciences,Fagus sylvatica,Tree size (diameter),64.04396242,m,Big,201709,wet,NA,-6.653098337,-47.3776052,yes,xylem,Data provided by author,Branch sampling selected. Plot ID in OBS2,Open
Barbeta,2019,Hydrology and Earth System Sciences,Fagus sylvatica,Tree size (diameter),69.32790763,m,Big,201709,wet,NA,-4.131134412,-37.75499974,yes,xylem,Data provided by author,Branch sampling selected. Plot ID in OBS2,Plage
Barbeta,2019,Hydrology and Earth System Sciences,Quercus robur,Tree size (diameter),30.0802905,m,Big,201704,wet,NA,-3.702237692,-43.13422122,yes,xylem,Data provided by author,Branch sampling selected. Plot ID in OBS2,South
Barbeta,2019,Hydrology and Earth System Sciences,Quercus robur,Tree size (diameter),19.83071003,m,Big,201708,dry,NA,-5.904249343,-50.25753733,yes,xylem,Data provided by author,Branch sampling selected. Plot ID in OBS2,Plage
Barbeta,2019,Hydrology and Earth System Sciences,Quercus robur,Tree size (diameter),22.0588797,m,Big,201708,dry,NA,-4.239930744,-44.70572783,yes,xylem,Data provided by author,Branch sampling selected. Plot ID in OBS2,South
Barbeta,2019,Hydrology and Earth System Sciences,Quercus robur,Tree size (diameter),23.14113354,m,Big,201708,dry,NA,-4.890022026,-49.85166078,yes,xylem,Data provided by author,Branch sampling selected. Plot ID in OBS2,Plage
Barbeta,2019,Hydrology and Earth System Sciences,Quercus robur,Tree size (diameter),27.97944482,m,Big,201708,dry,NA,-6.361132312,-52.0892282,yes,xylem,Data provided by author,Branch sampling selected. Plot ID in OBS2,Plage
Barbeta,2019,Hydrology and Earth System Sciences,Quercus robur,Tree size (diameter),30.0802905,m,Big,201708,dry,NA,-5.055825386,-48.48168243,yes,xylem,Data provided by author,Branch sampling selected. Plot ID in OBS2,South
Barbeta,2019,Hydrology and Earth System Sciences,Quercus robur,Tree size (diameter),35.01409476,m,Big,201708,dry,NA,-7.478912277,-57.73998097,yes,xylem,Data provided by author,Branch sampling selected. Plot ID in OBS2,Open
Barbeta,2019,Hydrology and Earth System Sciences,Quercus robur,Tree size (diameter),19.83071003,m,Big,201708,dry,NA,-5.017227323,-47.1622612,yes,xylem,Data provided by author,Branch sampling selected. Plot ID in OBS2,Plage
Barbeta,2019,Hydrology and Earth System Sciences,Quercus robur,Tree size (diameter),22.0588797,m,Big,201708,dry,NA,-4.891586977,-42.57866659,yes,xylem,Data provided by author,Branch sampling selected. Plot ID in OBS2,South
Barbeta,2019,Hydrology and Earth System Sciences,Quercus robur,Tree size (diameter),23.14113354,m,Big,201708,dry,NA,-5.374519706,-44.50923228,yes,xylem,Data provided by author,Branch sampling selected. Plot ID in OBS2,Plage
Barbeta,2019,Hydrology and Earth System Sciences,Quercus robur,Tree size (diameter),27.97944482,m,Big,201708,dry,NA,-5.663109909,-48.21380669,yes,xylem,Data provided by author,Branch sampling selected. Plot ID in OBS2,Plage
Barbeta,2019,Hydrology and Earth System Sciences,Quercus robur,Tree size (diameter),30.0802905,m,Big,201708,dry,NA,-4.741905647,-44.11620989,yes,xylem,Data provided by author,Branch sampling selected. Plot ID in OBS2,South
Barbeta,2019,Hydrology and Earth System Sciences,Quercus robur,Tree size (diameter),35.01409476,m,Big,201708,dry,NA,-5.73709094,-48.51273044,yes,xylem,Data provided by author,Branch sampling selected. Plot ID in OBS2,Open
Barbeta,2019,Hydrology and Earth System Sciences,Quercus robur,Tree size (diameter),22.0588797,m,Big,201707,dry,NA,-4.885003762,-45.25910244,yes,xylem,Data provided by author,Branch sampling selected. Plot ID in OBS2,South
Barbeta,2019,Hydrology and Earth System Sciences,Quercus robur,Tree size (diameter),23.14113354,m,Big,201707,dry,NA,-5.454099284,-44.00165219,yes,xylem,Data provided by author,Branch sampling selected. Plot ID in OBS2,Plage
Barbeta,2019,Hydrology and Earth System Sciences,Quercus robur,Tree size (diameter),27.97944482,m,Big,201707,dry,NA,-5.771747429,-47.538564,yes,xylem,Data provided by author,Branch sampling selected. Plot ID in OBS2,Plage
Barbeta,2019,Hydrology and Earth System Sciences,Quercus robur,Tree size (diameter),30.0802905,m,Big,201707,dry,NA,-6.125727412,-49.15955627,yes,xylem,Data provided by author,Branch sampling selected. Plot ID in OBS2,South
Barbeta,2019,Hydrology and Earth System Sciences,Quercus robur,Tree size (diameter),34.28198187,m,Big,201707,dry,NA,-5.679670138,-44.72886653,yes,xylem,Data provided by author,Branch sampling selected. Plot ID in OBS2,South
Barbeta,2019,Hydrology and Earth System Sciences,Quercus robur,Tree size (diameter),35.01409476,m,Big,201707,dry,NA,-5.924792533,-50.23542825,yes,xylem,Data provided by author,Branch sampling selected. Plot ID in OBS2,Open
Barbeta,2019,Hydrology and Earth System Sciences,Quercus robur,Tree size (diameter),19.83071003,m,Big,201707,dry,NA,-5.699866804,-48.2480349,yes,xylem,Data provided by author,Branch sampling selected. Plot ID in OBS2,Plage
Barbeta,2019,Hydrology and Earth System Sciences,Quercus robur,Tree size (diameter),22.0588797,m,Big,201707,dry,NA,-5.781657515,-51.14944945,yes,xylem,Data provided by author,Branch sampling selected. Plot ID in OBS2,South
Barbeta,2019,Hydrology and Earth System Sciences,Quercus robur,Tree size (diameter),23.14113354,m,Big,201707,dry,NA,-5.248329585,-44.45952618,yes,xylem,Data provided by author,Branch sampling selected. Plot ID in OBS2,Plage
Barbeta,2019,Hydrology and Earth System Sciences,Quercus robur,Tree size (diameter),27.97944482,m,Big,201707,dry,NA,-6.024962831,-53.83327416,yes,xylem,Data provided by author,Branch sampling selected. Plot ID in OBS2,Plage
Barbeta,2019,Hydrology and Earth System Sciences,Quercus robur,Tree size (diameter),30.0802905,m,Big,201707,dry,NA,-5.039342602,-48.64584201,yes,xylem,Data provided by author,Branch sampling selected. Plot ID in OBS2,South
Barbeta,2019,Hydrology and Earth System Sciences,Quercus robur,Tree size (diameter),34.28198187,m,Big,201707,dry,NA,-4.590279943,-41.10462649,yes,xylem,Data provided by author,Branch sampling selected. Plot ID in OBS2,South
Barbeta,2019,Hydrology and Earth System Sciences,Quercus robur,Tree size (diameter),35.01409476,m,Big,201707,dry,NA,-6.133821738,-52.32093769,yes,xylem,Data provided by author,Branch sampling selected. Plot ID in OBS2,Open
Barbeta,2019,Hydrology and Earth System Sciences,Quercus robur,Tree size (diameter),19.83071003,m,Big,201706,dry,NA,-5.437337344,-44.76228081,yes,xylem,Data provided by author,Branch sampling selected. Plot ID in OBS2,Plage
Barbeta,2019,Hydrology and Earth System Sciences,Quercus robur,Tree size (diameter),22.0588797,m,Big,201706,dry,NA,-4.371047731,-43.6806243,yes,xylem,Data provided by author,Branch sampling selected. Plot ID in OBS2,South
Barbeta,2019,Hydrology and Earth System Sciences,Quercus robur,Tree size (diameter),23.14113354,m,Big,201706,dry,NA,-4.340433778,-40.18806258,yes,xylem,Data provided by author,Branch sampling selected. Plot ID in OBS2,Plage
Barbeta,2019,Hydrology and Earth System Sciences,Quercus robur,Tree size (diameter),27.97944482,m,Big,201706,dry,NA,-4.94836105,-41.07841122,yes,xylem,Data provided by author,Branch sampling selected. Plot ID in OBS2,Plage
Barbeta,2019,Hydrology and Earth System Sciences,Quercus robur,Tree size (diameter),30.0802905,m,Big,201706,dry,NA,-4.578137349,-41.99607843,yes,xylem,Data provided by author,Branch sampling selected. Plot ID in OBS2,South
Barbeta,2019,Hydrology and Earth System Sciences,Quercus robur,Tree size (diameter),34.28198187,m,Big,201706,dry,NA,-4.871197001,-45.189271,yes,xylem,Data provided by author,Branch sampling selected. Plot ID in OBS2,South
Barbeta,2019,Hydrology and Earth System Sciences,Quercus robur,Tree size (diameter),35.01409476,m,Big,201706,dry,NA,-5.827784482,-48.25942918,yes,xylem,Data provided by author,Branch sampling selected. Plot ID in OBS2,Open
Barbeta,2019,Hydrology and Earth System Sciences,Quercus robur,Tree size (diameter),19.83071003,m,Big,201706,dry,NA,-5.812106442,-48.08080947,yes,xylem,Data provided by author,Branch sampling selected. Plot ID in OBS2,Plage
Barbeta,2019,Hydrology and Earth System Sciences,Quercus robur,Tree size (diameter),22.0588797,m,Big,201706,dry,NA,-4.184295479,-42.39185785,yes,xylem,Data provided by author,Branch sampling selected. Plot ID in OBS2,South
Barbeta,2019,Hydrology and Earth System Sciences,Quercus robur,Tree size (diameter),23.14113354,m,Big,201706,dry,NA,-5.609353241,-43.08718708,yes,xylem,Data provided by author,Branch sampling selected. Plot ID in OBS2,Plage
Barbeta,2019,Hydrology and Earth System Sciences,Quercus robur,Tree size (diameter),27.97944482,m,Big,201706,dry,NA,-6.921302986,-49.28290669,yes,xylem,Data provided by author,Branch sampling selected. Plot ID in OBS2,Plage
Barbeta,2019,Hydrology and Earth System Sciences,Quercus robur,Tree size (diameter),30.0802905,m,Big,201706,dry,NA,-5.636258099,-41.43012026,yes,xylem,Data provided by author,Branch sampling selected. Plot ID in OBS2,South
Barbeta,2019,Hydrology and Earth System Sciences,Quercus robur,Tree size (diameter),34.28198187,m,Big,201706,dry,NA,-5.725697808,-45.75046879,yes,xylem,Data provided by author,Branch sampling selected. Plot ID in OBS2,South
Barbeta,2019,Hydrology and Earth System Sciences,Quercus robur,Tree size (diameter),35.01409476,m,Big,201706,dry,NA,-5.552011471,-48.25536807,yes,xylem,Data provided by author,Branch sampling selected. Plot ID in OBS2,Open
Barbeta,2019,Hydrology and Earth System Sciences,Quercus robur,Tree size (diameter),19.83071003,m,Big,201705,wet,NA,-4.722131208,-41.2426575,yes,xylem,Data provided by author,Branch sampling selected. Plot ID in OBS2,Plage
Barbeta,2019,Hydrology and Earth System Sciences,Quercus robur,Tree size (diameter),22.0588797,m,Big,201705,wet,NA,-3.069708472,-36.25622585,yes,xylem,Data provided by author,Branch sampling selected. Plot ID in OBS2,South
Barbeta,2019,Hydrology and Earth System Sciences,Quercus robur,Tree size (diameter),35.01409476,m,Big,201705,wet,NA,-6.400342765,-53.3930573,yes,xylem,Data provided by author,Branch sampling selected. Plot ID in OBS2,Open
Barbeta,2019,Hydrology and Earth System Sciences,Quercus robur,Tree size (diameter),19.83071003,m,Big,201711,wet,NA,-5.398108866,-40.49413748,yes,xylem,Data provided by author,Branch sampling selected. Plot ID in OBS2,Plage
Barbeta,2019,Hydrology and Earth System Sciences,Quercus robur,Tree size (diameter),23.14113354,m,Big,201711,wet,NA,-5.649097698,-41.47971548,yes,xylem,Data provided by author,Branch sampling selected. Plot ID in OBS2,Plage
Barbeta,2019,Hydrology and Earth System Sciences,Quercus robur,Tree size (diameter),27.97944482,m,Big,201711,wet,NA,-4.159866463,-32.31825523,yes,xylem,Data provided by author,Branch sampling selected. Plot ID in OBS2,Plage
Barbeta,2019,Hydrology and Earth System Sciences,Quercus robur,Tree size (diameter),30.0802905,m,Big,201711,wet,NA,-6.195877409,-43.79451315,yes,xylem,Data provided by author,Branch sampling selected. Plot ID in OBS2,South
Barbeta,2019,Hydrology and Earth System Sciences,Quercus robur,Tree size (diameter),34.28198187,m,Big,201711,wet,NA,-5.653681987,-36.8589514,yes,xylem,Data provided by author,Branch sampling selected. Plot ID in OBS2,South
Barbeta,2019,Hydrology and Earth System Sciences,Quercus robur,Tree size (diameter),35.01409476,m,Big,201711,wet,NA,-5.1788438,-39.84759963,yes,xylem,Data provided by author,Branch sampling selected. Plot ID in OBS2,Open
Barbeta,2019,Hydrology and Earth System Sciences,Quercus robur,Tree size (diameter),19.83071003,m,Big,201710,wet,NA,-4.684974693,-36.91854822,yes,xylem,Data provided by author,Branch sampling selected. Plot ID in OBS2,Plage
Barbeta,2019,Hydrology and Earth System Sciences,Quercus robur,Tree size (diameter),22.0588797,m,Big,201710,wet,NA,-3.891186034,-40.51857422,yes,xylem,Data provided by author,Branch sampling selected. Plot ID in OBS2,South
Barbeta,2019,Hydrology and Earth System Sciences,Quercus robur,Tree size (diameter),23.14113354,m,Big,201710,wet,NA,-1.203324604,-21.47218953,yes,xylem,Data provided by author,Branch sampling selected. Plot ID in OBS2,Plage
Barbeta,2019,Hydrology and Earth System Sciences,Quercus robur,Tree size (diameter),27.97944482,m,Big,201710,wet,NA,-4.823488637,-44.4771014,yes,xylem,Data provided by author,Branch sampling selected. Plot ID in OBS2,Plage
Barbeta,2019,Hydrology and Earth System Sciences,Quercus robur,Tree size (diameter),34.28198187,m,Big,201710,wet,NA,-6.264924261,-42.19685505,yes,xylem,Data provided by author,Branch sampling selected. Plot ID in OBS2,South
Barbeta,2019,Hydrology and Earth System Sciences,Quercus robur,Tree size (diameter),35.01409476,m,Big,201710,wet,NA,-6.056311494,-49.87749441,yes,xylem,Data provided by author,Branch sampling selected. Plot ID in OBS2,Open
Barbeta,2019,Hydrology and Earth System Sciences,Quercus robur,Tree size (diameter),19.83071003,m,Big,201710,wet,NA,-4.95482533,-37.44019909,yes,xylem,Data provided by author,Branch sampling selected. Plot ID in OBS2,Plage
Barbeta,2019,Hydrology and Earth System Sciences,Quercus robur,Tree size (diameter),22.0588797,m,Big,201710,wet,NA,-4.218831124,-34.53334765,yes,xylem,Data provided by author,Branch sampling selected. Plot ID in OBS2,South
Barbeta,2019,Hydrology and Earth System Sciences,Quercus robur,Tree size (diameter),30.0802905,m,Big,201710,wet,NA,-5.016685903,-44.29126168,yes,xylem,Data provided by author,Branch sampling selected. Plot ID in OBS2,South
Barbeta,2019,Hydrology and Earth System Sciences,Quercus robur,Tree size (diameter),34.28198187,m,Big,201710,wet,NA,-4.287625306,-34.25403897,yes,xylem,Data provided by author,Branch sampling selected. Plot ID in OBS2,South
Barbeta,2019,Hydrology and Earth System Sciences,Quercus robur,Tree size (diameter),35.01409476,m,Big,201710,wet,NA,-7.435959482,-53.1349656,yes,xylem,Data provided by author,Branch sampling selected. Plot ID in OBS2,Open
Barbeta,2019,Hydrology and Earth System Sciences,Quercus robur,Tree size (diameter),35.01409476,m,Big,201710,wet,NA,-7.435959482,-53.1349656,yes,xylem,Data provided by author,Branch sampling selected. Plot ID in OBS2,Open
Barbeta,2019,Hydrology and Earth System Sciences,Quercus robur,Tree size (diameter),23.14113354,m,Big,201709,wet,NA,-3.870422915,-31.12536026,yes,xylem,Data provided by author,Branch sampling selected. Plot ID in OBS2,Plage
Barbeta,2019,Hydrology and Earth System Sciences,Quercus robur,Tree size (diameter),30.0802905,m,Big,201709,wet,NA,-5.170758179,-40.19520266,yes,xylem,Data provided by author,Branch sampling selected. Plot ID in OBS2,South
Barbeta,2019,Hydrology and Earth System Sciences,Quercus robur,Tree size (diameter),35.01409476,m,Big,201709,wet,NA,-4.505942556,-35.75195279,yes,xylem,Data provided by author,Branch sampling selected. Plot ID in OBS2,Open
Barbeta,2019,Hydrology and Earth System Sciences,Quercus robur,Tree size (diameter),22.0588797,m,Big,201709,wet,NA,-4.07848569,-41.08413366,yes,xylem,Data provided by author,Branch sampling selected. Plot ID in OBS2,South
Barbeta,2019,Hydrology and Earth System Sciences,Quercus robur,Tree size (diameter),23.14113354,m,Big,201709,wet,NA,-6.062557826,-44.07519074,yes,xylem,Data provided by author,Branch sampling selected. Plot ID in OBS2,Plage
Barbeta,2019,Hydrology and Earth System Sciences,Quercus robur,Tree size (diameter),27.97944482,m,Big,201709,wet,NA,-4.770639063,-41.27705818,yes,xylem,Data provided by author,Branch sampling selected. Plot ID in OBS2,Plage
Barbeta,2019,Hydrology and Earth System Sciences,Quercus robur,Tree size (diameter),30.0802905,m,Big,201709,wet,NA,-6.240636367,-53.38151596,yes,xylem,Data provided by author,Branch sampling selected. Plot ID in OBS2,South
Barbeta,2019,Hydrology and Earth System Sciences,Quercus robur,Tree size (diameter),34.28198187,m,Big,201709,wet,NA,-5.390269977,-43.22803854,yes,xylem,Data provided by author,Branch sampling selected. Plot ID in OBS2,South
Barbeta,2019,Hydrology and Earth System Sciences,Quercus robur,Tree size (diameter),35.01409476,m,Big,201709,wet,NA,-6.121233545,-51.19651112,yes,xylem,Data provided by author,Branch sampling selected. Plot ID in OBS2,Open
Carriere,2020,Data in Brief / Science of the Total Environment,Quercus ilex,Sample type,99999,not applicable,Sunny,201407,dry,Rustrel,-6.11,-64.3,yes,xylem,Data provided,asumption that wet months are 3/4/5 and 9/10/11,NA
Carriere,2020,Data in Brief / Science of the Total Environment,Quercus ilex,Sample type,99999,not applicable,Sunny,201507,dry,Rustrel,-5.19,-59.2,yes,xylem,Data provided,asumption that wet months are 3/4/5 and 9/10/11,NA
Carriere,2020,Data in Brief / Science of the Total Environment,Quercus ilex,Sample type,99999,not applicable,Sunny,201408,dry,Rustrel,-5.38,-60,yes,xylem,Data provided,asumption that wet months are 3/4/5 and 9/10/11,NA
Carriere,2020,Data in Brief / Science of the Total Environment,Quercus ilex,Sample type,99999,not applicable,Sunny,201408,dry,Rustrel,-5.13,-58.3,yes,xylem,Data provided,asumption that wet months are 3/4/5 and 9/10/11,NA
Carriere,2020,Data in Brief / Science of the Total Environment,Quercus ilex,Sample type,99999,not applicable,Shadow,201408,dry,Rustrel,-5.51,-59.5,yes,xylem,Data provided,asumption that wet months are 3/4/5 and 9/10/11,NA
Carriere,2020,Data in Brief / Science of the Total Environment,Quercus ilex,Sample type,99999,not applicable,Sunny,201408,dry,Rustrel,-4.54,-58.7,yes,xylem,Data provided,asumption that wet months are 3/4/5 and 9/10/11,NA
Carriere,2020,Data in Brief / Science of the Total Environment,Quercus ilex,Sample type,99999,not applicable,Shadow,201408,dry,Rustrel,-4.5,-61.4,yes,xylem,Data provided,asumption that wet months are 3/4/5 and 9/10/11,NA
Carriere,2020,Data in Brief / Science of the Total Environment,Quercus ilex,Sample type,99999,not applicable,Sunny,201408,dry,Rustrel,-5.52,-60.3,yes,xylem,Data provided,asumption that wet months are 3/4/5 and 9/10/11,NA
Carriere,2020,Data in Brief / Science of the Total Environment,Quercus ilex,Sample type,99999,not applicable,Shadow,201408,dry,Rustrel,-4.72,-58.1,yes,xylem,Data provided,asumption that wet months are 3/4/5 and 9/10/11,NA
Carriere,2020,Data in Brief / Science of the Total Environment,Quercus ilex,Sample type,99999,not applicable,Sunny,201412,dry,Rustrel,-6.56,-61.9,yes,xylem,Data provided,asumption that wet months are 3/4/5 and 9/10/11,NA
Carriere,2020,Data in Brief / Science of the Total Environment,Quercus ilex,Sample type,99999,not applicable,Shadow,201501,dry,Rustrel,-5.58,-55.8,yes,xylem,Data provided,asumption that wet months are 3/4/5 and 9/10/11,NA
Carriere,2020,Data in Brief / Science of the Total Environment,Quercus ilex,Sample type,99999,not applicable,Sunny - extremity of stem,201502,dry,Rustrel,-7.7,-74.1,yes,xylem,Data provided,asumption that wet months are 3/4/5 and 9/10/11,NA
Carriere,2020,Data in Brief / Science of the Total Environment,Quercus ilex,Sample type,99999,not applicable,Sunny,201502,dry,Rustrel,-7.78,-74.5,yes,xylem,Data provided,asumption that wet months are 3/4/5 and 9/10/11,NA
Carriere,2020,Data in Brief / Science of the Total Environment,Quercus ilex,Sample type,99999,not applicable,Sunny,201502,dry,Rustrel,-8.94,-82.9,yes,xylem,Data provided,asumption that wet months are 3/4/5 and 9/10/11,NA
Carriere,2020,Data in Brief / Science of the Total Environment,Quercus ilex,Sample type,99999,not applicable,Shadow,201502,dry,Rustrel,-8.58,-78.7,yes,xylem,Data provided,asumption that wet months are 3/4/5 and 9/10/11,NA
Carriere,2020,Data in Brief / Science of the Total Environment,Quercus ilex,Sample type,99999,not applicable,Sunny,201502,dry,Rustrel,-8.43,-76.9,yes,xylem,Data provided,asumption that wet months are 3/4/5 and 9/10/11,NA
Carriere,2020,Data in Brief / Science of the Total Environment,Quercus ilex,Sample type,99999,not applicable,Shadow,201502,dry,Rustrel,-7.21,-70.9,yes,xylem,Data provided,asumption that wet months are 3/4/5 and 9/10/11,NA
Carriere,2020,Data in Brief / Science of the Total Environment,Quercus ilex,Sample type,99999,not applicable,Sunny,201502,dry,Rustrel,-7.4,-72.3,yes,xylem,Data provided,asumption that wet months are 3/4/5 and 9/10/11,NA
Carriere,2020,Data in Brief / Science of the Total Environment,Quercus ilex,Sample type,99999,not applicable,Shadow - bottom of stem,201502,dry,Rustrel,-7.99,-74.7,yes,xylem,Data provided,asumption that wet months are 3/4/5 and 9/10/11,NA
Carriere,2020,Data in Brief / Science of the Total Environment,Quercus ilex,Sample type,99999,not applicable,Shadow - extremity of stem,201502,dry,Rustrel,-7.13,-71.1,yes,xylem,Data provided,asumption that wet months are 3/4/5 and 9/10/11,NA
Carriere,2020,Data in Brief / Science of the Total Environment,Quercus ilex,Sample type,99999,not applicable,Sunny,201502,dry,Rustrel,-8.12,-79.1,yes,xylem,Data provided,asumption that wet months are 3/4/5 and 9/10/11,NA
Carriere,2020,Data in Brief / Science of the Total Environment,Quercus ilex,Sample type,99999,not applicable,Shadow,201502,dry,Rustrel,-8.05,-76.6,yes,xylem,Data provided,asumption that wet months are 3/4/5 and 9/10/11,NA
Carriere,2020,Data in Brief / Science of the Total Environment,Quercus ilex,Sample type,99999,not applicable,Sunny,201505,wet,Rustrel,-6.07,-66.4,yes,xylem,Data provided,asumption that wet months are 3/4/5 and 9/10/11,NA
Carriere,2020,Data in Brief / Science of the Total Environment,Quercus ilex,Sample type,99999,not applicable,Shadow,201505,wet,Rustrel,-5.73,-62.8,yes,xylem,Data provided,asumption that wet months are 3/4/5 and 9/10/11,NA
Carriere,2020,Data in Brief / Science of the Total Environment,Quercus ilex,Sample type,99999,not applicable,Sunny,201505,wet,Rustrel,-5.95,-69.7,yes,xylem,Data provided,asumption that wet months are 3/4/5 and 9/10/11,NA
Carriere,2020,Data in Brief / Science of the Total Environment,Quercus ilex,Sample type,99999,not applicable,Sunny,201505,wet,Rustrel,-6.37,-68.7,yes,xylem,Data provided,asumption that wet months are 3/4/5 and 9/10/11,NA
Carriere,2020,Data in Brief / Science of the Total Environment,Quercus ilex,Sample type,99999,not applicable,Sunny,201505,wet,Rustrel,-6.18,-70.7,yes,xylem,Data provided,asumption that wet months are 3/4/5 and 9/10/11,NA
Carriere,2020,Data in Brief / Science of the Total Environment,Quercus ilex,Sample type,99999,not applicable,Sunny,201505,wet,Rustrel,-6.1,-66.8,yes,xylem,Data provided,asumption that wet months are 3/4/5 and 9/10/11,NA
Carriere,2020,Data in Brief / Science of the Total Environment,Quercus ilex,Sample type,99999,not applicable,Sunny,201505,wet,Rustrel,-5.74,-64.9,yes,xylem,Data provided,asumption that wet months are 3/4/5 and 9/10/11,NA
Carriere,2020,Data in Brief / Science of the Total Environment,Quercus ilex,Sample type,99999,not applicable,Sunny,201505,wet,Rustrel,-6.9,-67.7,yes,xylem,Data provided,asumption that wet months are 3/4/5 and 9/10/11,NA
Carriere,2020,Data in Brief / Science of the Total Environment,Quercus ilex,Sample type,99999,not applicable,Sunny,201505,wet,Rustrel,-6.8,-71.4,yes,xylem,Data provided,asumption that wet months are 3/4/5 and 9/10/11,NA
Carriere,2020,Data in Brief / Science of the Total Environment,Quercus ilex,Sample type,99999,not applicable,Shade,201505,wet,Rustrel,-6.22,-68.7,yes,xylem,Data provided,asumption that wet months are 3/4/5 and 9/10/11,NA
Carriere,2020,Data in Brief / Science of the Total Environment,Quercus ilex,Sample type,99999,not applicable,Sunny,201505,wet,Rustrel,-6.38,-71.8,yes,xylem,Data provided,asumption that wet months are 3/4/5 and 9/10/11,NA
Carriere,2020,Data in Brief / Science of the Total Environment,Quercus ilex,Sample type,99999,not applicable,Trunk,201505,wet,Rustrel,-6.46,-66,yes,xylem,Data provided,asumption that wet months are 3/4/5 and 9/10/11,NA
Carriere,2020,Data in Brief / Science of the Total Environment,Quercus ilex,Sample type,99999,not applicable,Trunk,201505,wet,Rustrel,-6.26,-70.7,yes,xylem,Data provided,asumption that wet months are 3/4/5 and 9/10/11,NA
Carriere,2020,Data in Brief / Science of the Total Environment,Quercus ilex,Sample type,99999,not applicable,Trunk,201505,wet,Rustrel,-6.57,-70.4,yes,xylem,Data provided,asumption that wet months are 3/4/5 and 9/10/11,NA
Carriere,2020,Data in Brief / Science of the Total Environment,Quercus ilex,Sample type,99999,not applicable,Sunny,201606,dry,Rustrel,-5.76,-65.2,yes,xylem,Data provided,asumption that wet months are 3/4/5 and 9/10/11,NA
Carriere,2020,Data in Brief / Science of the Total Environment,Quercus ilex,Sample type,99999,not applicable,Sunny,201606,dry,Rustrel,-5.98,-64.9,yes,xylem,Data provided,asumption that wet months are 3/4/5 and 9/10/11,NA
Carriere,2020,Data in Brief / Science of the Total Environment,Quercus ilex,Sample type,99999,not applicable,Sunny,201606,dry,Rustrel,-5.95,-65.4,yes,xylem,Data provided,asumption that wet months are 3/4/5 and 9/10/11,NA
Carriere,2020,Data in Brief / Science of the Total Environment,Quercus ilex,Sample type,99999,not applicable,Sunny,201606,dry,Rustrel,-5.72,-60.9,yes,xylem,Data provided,asumption that wet months are 3/4/5 and 9/10/11,NA
Carriere,2020,Data in Brief / Science of the Total Environment,Quercus ilex,Sample type,99999,not applicable,Sunny,201606,dry,Rustrel,-4.82,-61.8,yes,xylem,Data provided,asumption that wet months are 3/4/5 and 9/10/11,NA
Carriere,2020,Data in Brief / Science of the Total Environment,Quercus ilex,Sample type,99999,not applicable,Sunny,201606,dry,Rustrel,-5.47,-61.4,yes,xylem,Data provided,asumption that wet months are 3/4/5 and 9/10/11,NA
Carriere,2020,Data in Brief / Science of the Total Environment,Quercus ilex,Sample type,99999,not applicable,Sunny,201606,dry,Rustrel,-4.64,-58,yes,xylem,Data provided,asumption that wet months are 3/4/5 and 9/10/11,NA
Carriere,2020,Data in Brief / Science of the Total Environment,Abies alba,Sample type,99999,not applicable,Sunny,201408,dry,Ventoux,-5.28,-47.7,yes,xylem,Data provided,asumption that wet months are 3/4/5 and 9/10/11,NA
Carriere,2020,Data in Brief / Science of the Total Environment,Abies alba,Sample type,99999,not applicable,Sunny,201408,dry,Ventoux,-5.43,-55.2,yes,xylem,Data provided,asumption that wet months are 3/4/5 and 9/10/11,NA
Carriere,2020,Data in Brief / Science of the Total Environment,Abies alba,Sample type,99999,not applicable,Sunny,201408,dry,Ventoux,-5.13,-53.7,yes,xylem,Data provided,asumption that wet months are 3/4/5 and 9/10/11,NA
Carriere,2020,Data in Brief / Science of the Total Environment,Abies alba,Sample type,99999,not applicable,Sunny,201408,dry,Ventoux,-5.57,-51.3,yes,xylem,Data provided,asumption that wet months are 3/4/5 and 9/10/11,NA
Carriere,2020,Data in Brief / Science of the Total Environment,Abies alba,Sample type,99999,not applicable,Sunny,201408,dry,Ventoux,-5.35,-51.3,yes,xylem,Data provided,asumption that wet months are 3/4/5 and 9/10/11,NA
Carriere,2020,Data in Brief / Science of the Total Environment,Abies alba,Sample type,99999,not applicable,Sunny - bottom of stem,201810,dry,Ventoux,-7.8,-67.1,yes,xylem,Data provided,asumption that wet months are 3/4/5 and 9/10/11,NA
Carriere,2020,Data in Brief / Science of the Total Environment,Abies alba,Sample type,99999,not applicable,Sunny,201810,dry,Ventoux,-7.27,-65.1,yes,xylem,Data provided,asumption that wet months are 3/4/5 and 9/10/11,NA
Carriere,2020,Data in Brief / Science of the Total Environment,Abies alba,Sample type,99999,not applicable,Sunny,201810,dry,Ventoux,-7.64,-68.5,yes,xylem,Data provided,asumption that wet months are 3/4/5 and 9/10/11,NA
Carriere,2020,Data in Brief / Science of the Total Environment,Abies alba,Sample type,99999,not applicable,Sunny,201506,dry,Ventoux,-7.59,-69.7,yes,xylem,Data provided,asumption that wet months are 3/4/5 and 9/10/11,NA
Carriere,2020,Data in Brief / Science of the Total Environment,Abies alba,Sample type,99999,not applicable,Sunny,201506,dry,Ventoux,-7.62,-68.6,yes,xylem,Data provided,asumption that wet months are 3/4/5 and 9/10/11,NA
Carriere,2020,Data in Brief / Science of the Total Environment,Abies alba,Sample type,99999,not applicable,Shadow,201506,dry,Ventoux,-7.07,-64.6,yes,xylem,Data provided,asumption that wet months are 3/4/5 and 9/10/11,NA
Carriere,2020,Data in Brief / Science of the Total Environment,Abies alba,Sample type,99999,not applicable,Sunny,201506,dry,Ventoux,-8.29,-68.8,yes,xylem,Data provided,asumption that wet months are 3/4/5 and 9/10/11,NA
Carriere,2020,Data in Brief / Science of the Total Environment,Abies alba,Sample type,99999,not applicable,Sunny,201506,dry,Ventoux,-8.48,-69.7,yes,xylem,Data provided,asumption that wet months are 3/4/5 and 9/10/11,NA
Carriere,2020,Data in Brief / Science of the Total Environment,Abies alba,Sample type,99999,not applicable,Sunny,201506,dry,Ventoux,-7.81,-64.9,yes,xylem,Data provided,asumption that wet months are 3/4/5 and 9/10/11,NA
Carriere,2020,Data in Brief / Science of the Total Environment,Abies alba,Sample type,99999,not applicable,Trunk,201506,dry,Ventoux,-8.9,-67.2,yes,xylem,Data provided,asumption that wet months are 3/4/5 and 9/10/11,NA
Carriere,2020,Data in Brief / Science of the Total Environment,Fagus sylvatica,Sample type,99999,not applicable,Sunny,201808,dry,Ventoux,-5.59,-57.5,yes,xylem,Data provided,asumption that wet months are 3/4/5 and 9/10/11,NA
Carriere,2020,Data in Brief / Science of the Total Environment,Fagus sylvatica,Sample type,99999,not applicable,Sunny,201808,dry,Ventoux,-5.63,-57.1,yes,xylem,Data provided,asumption that wet months are 3/4/5 and 9/10/11,NA
Carriere,2020,Data in Brief / Science of the Total Environment,Fagus sylvatica,Sample type,99999,not applicable,Sunny,201808,dry,Ventoux,-6.49,-63,yes,xylem,Data provided,asumption that wet months are 3/4/5 and 9/10/11,NA
Carriere,2020,Data in Brief / Science of the Total Environment,Fagus sylvatica,Sample type,99999,not applicable,Sunny,201808,dry,Ventoux,-5.69,-54.1,yes,xylem,Data provided,asumption that wet months are 3/4/5 and 9/10/11,NA
Carriere,2020,Data in Brief / Science of the Total Environment,Fagus sylvatica,Sample type,99999,not applicable,Sunny,201808,dry,Ventoux,-6.54,-60.5,yes,xylem,Data provided,asumption that wet months are 3/4/5 and 9/10/11,NA
Carriere,2020,Data in Brief / Science of the Total Environment,Fagus sylvatica,Sample type,99999,not applicable,Sunny,201808,dry,Ventoux,-5.77,-57.8,yes,xylem,Data provided,asumption that wet months are 3/4/5 and 9/10/11,NA
Carriere,2020,Data in Brief / Science of the Total Environment,Fagus sylvatica,Sample type,99999,not applicable,Sunny,201808,dry,Ventoux,-5.41,-57.1,yes,xylem,Data provided,asumption that wet months are 3/4/5 and 9/10/11,NA
Carriere,2020,Data in Brief / Science of the Total Environment,Fagus sylvatica,Sample type,99999,not applicable,Sunny,201808,dry,Ventoux,-5.69,-62.1,yes,xylem,Data provided,asumption that wet months are 3/4/5 and 9/10/11,NA
Carriere,2020,Data in Brief / Science of the Total Environment,Fagus sylvatica,Sample type,99999,not applicable,Sunny,201808,dry,Ventoux,-5.39,-52.5,yes,xylem,Data provided,asumption that wet months are 3/4/5 and 9/10/11,NA
Carriere,2020,Data in Brief / Science of the Total Environment,Fagus sylvatica,Sample type,99999,not applicable,Shadow,201409,wet,Ventoux,-7.52,-68.6,yes,xylem,Data provided,asumption that wet months are 3/4/5 and 9/10/11,NA
Carriere,2020,Data in Brief / Science of the Total Environment,Fagus sylvatica,Sample type,99999,not applicable,Sunny,201503,wet,Ventoux,-3.47,-48.5,yes,xylem,Data provided,asumption that wet months are 3/4/5 and 9/10/11,NA
Carriere,2020,Data in Brief / Science of the Total Environment,Fagus sylvatica,Sample type,99999,not applicable,Sunny - bottom of stem,201503,wet,Ventoux,-4.38,-54,yes,xylem,Data provided,asumption that wet months are 3/4/5 and 9/10/11,NA
Carriere,2020,Data in Brief / Science of the Total Environment,Fagus sylvatica,Sample type,99999,not applicable,Sunny,201503,wet,Ventoux,-4.27,-52.3,yes,xylem,Data provided,asumption that wet months are 3/4/5 and 9/10/11,NA
Carriere,2020,Data in Brief / Science of the Total Environment,Fagus sylvatica,Sample type,99999,not applicable,Sunny,201503,wet,Ventoux,-3.73,-50,yes,xylem,Data provided,asumption that wet months are 3/4/5 and 9/10/11,NA
Carriere,2020,Data in Brief / Science of the Total Environment,Fagus sylvatica,Sample type,99999,not applicable,Sunny - bottom of stem,201503,wet,Ventoux,-3.69,-47.5,yes,xylem,Data provided,asumption that wet months are 3/4/5 and 9/10/11,NA
Carriere,2020,Data in Brief / Science of the Total Environment,Fagus sylvatica,Sample type,99999,not applicable,Sunny,201503,wet,Ventoux,-4.96,-55.9,yes,xylem,Data provided,asumption that wet months are 3/4/5 and 9/10/11,NA
Carriere,2020,Data in Brief / Science of the Total Environment,Fagus sylvatica,Sample type,99999,not applicable,Sunny,201506,dry,Ventoux,-8.07,-69.3,yes,xylem,Data provided,asumption that wet months are 3/4/5 and 9/10/11,NA
Carriere,2020,Data in Brief / Science of the Total Environment,Fagus sylvatica,Sample type,99999,not applicable,Sunny,201506,dry,Ventoux,-8.26,-73.4,yes,xylem,Data provided,asumption that wet months are 3/4/5 and 9/10/11,NA
Carriere,2020,Data in Brief / Science of the Total Environment,Fagus sylvatica,Sample type,99999,not applicable,Sunny,201506,dry,Ventoux,-8.54,-75.6,yes,xylem,Data provided,asumption that wet months are 3/4/5 and 9/10/11,NA
Carriere,2020,Data in Brief / Science of the Total Environment,Fagus sylvatica,Sample type,99999,not applicable,Sunny,201506,dry,Ventoux,-8.95,-79.7,yes,xylem,Data provided,asumption that wet months are 3/4/5 and 9/10/11,NA
Carriere,2020,Data in Brief / Science of the Total Environment,Fagus sylvatica,Sample type,99999,not applicable,Sunny,201506,dry,Ventoux,-9.05,-75.2,yes,xylem,Data provided,asumption that wet months are 3/4/5 and 9/10/11,NA
Carriere,2020,Data in Brief / Science of the Total Environment,Fagus sylvatica,Sample type,99999,not applicable,Trunk,201509,dry,Ventoux,-8.46,-72.2,yes,xylem,Data provided,asumption that wet months are 3/4/5 and 9/10/11,NA
